filename,class_id,synset,class_name,within_class_validation_rank,original_archive_member,sha256
000_n01440764_r25.JPEG,0,n01440764,tench,25,,
001_n01443537_r32.JPEG,1,n01443537,goldfish,32,,
002_n01484850_r20.JPEG,2,n01484850,great_white_shark,20,,
003_n01491361_r02.JPEG,3,n01491361,tiger_shark,2,,
004_n01494475_r28.JPEG,4,n01494475,hammerhead,28,,
005_n01496331_r01.JPEG,5,n01496331,electric_ray,1,,
006_n01498041_r13.JPEG,6,n01498041,stingray,13,,
007_n01514668_r41.JPEG,7,n01514668,cock,41,,
008_n01514859_r23.JPEG,8,n01514859,hen,23,,
009_n01518878_r29.JPEG,9,n01518878,ostrich,29,,
010_n01530575_r48.JPEG,10,n01530575,brambling,48,,
011_n01531178_r11.JPEG,11,n01531178,goldfinch,11,,
012_n01532829_r42.JPEG,12,n01532829,house_finch,42,,
013_n01534433_r37.JPEG,13,n01534433,junco,37,,
014_n01537544_r18.JPEG,14,n01537544,indigo_bunting,18,,
015_n01558993_r13.JPEG,15,n01558993,robin,13,,
016_n01560419_r13.JPEG,16,n01560419,bulbul,13,,
017_n01580077_r20.JPEG,17,n01580077,jay,20,,
018_n01582220_r31.JPEG,18,n01582220,magpie,31,,
019_n01592084_r22.JPEG,19,n01592084,chickadee,22,,
020_n01601694_r07.JPEG,20,n01601694,water_ouzel,7,,
021_n01608432_r47.JPEG,21,n01608432,kite,47,,
022_n01614925_r19.JPEG,22,n01614925,bald_eagle,19,,
023_n01616318_r44.JPEG,23,n01616318,vulture,44,,
024_n01622779_r09.JPEG,24,n01622779,great_grey_owl,9,,
025_n01629819_r13.JPEG,25,n01629819,European_fire_salamander,13,,
026_n01630670_r38.JPEG,26,n01630670,common_newt,38,,
027_n01631663_r13.JPEG,27,n01631663,eft,13,,
028_n01632458_r44.JPEG,28,n01632458,spotted_salamander,44,,
029_n01632777_r21.JPEG,29,n01632777,axolotl,21,,
030_n01641577_r22.JPEG,30,n01641577,bullfrog,22,,
031_n01644373_r00.JPEG,31,n01644373,tree_frog,0,,
032_n01644900_r21.JPEG,32,n01644900,tailed_frog,21,,
033_n01664065_r15.JPEG,33,n01664065,loggerhead,15,,
034_n01665541_r27.JPEG,34,n01665541,leatherback_turtle,27,,
035_n01667114_r47.JPEG,35,n01667114,mud_turtle,47,,
036_n01667778_r00.JPEG,36,n01667778,terrapin,0,,
037_n01669191_r41.JPEG,37,n01669191,box_turtle,41,,
038_n01675722_r19.JPEG,38,n01675722,banded_gecko,19,,
039_n01677366_r26.JPEG,39,n01677366,common_iguana,26,,
040_n01682714_r23.JPEG,40,n01682714,American_chameleon,23,,
041_n01685808_r24.JPEG,41,n01685808,whiptail,24,,
042_n01687978_r41.JPEG,42,n01687978,agama,41,,
043_n01688243_r47.JPEG,43,n01688243,frilled_lizard,47,,
044_n01689811_r49.JPEG,44,n01689811,alligator_lizard,49,,
045_n01692333_r29.JPEG,45,n01692333,Gila_monster,29,,
046_n01693334_r35.JPEG,46,n01693334,green_lizard,35,,
047_n01694178_r47.JPEG,47,n01694178,African_chameleon,47,,
048_n01695060_r46.JPEG,48,n01695060,Komodo_dragon,46,,
049_n01697457_r27.JPEG,49,n01697457,African_crocodile,27,,
050_n01698640_r02.JPEG,50,n01698640,American_alligator,2,,
051_n01704323_r01.JPEG,51,n01704323,triceratops,1,,
052_n01728572_r29.JPEG,52,n01728572,thunder_snake,29,,
053_n01728920_r05.JPEG,53,n01728920,ringneck_snake,5,,
054_n01729322_r43.JPEG,54,n01729322,hognose_snake,43,,
055_n01729977_r38.JPEG,55,n01729977,green_snake,38,,
056_n01734418_r06.JPEG,56,n01734418,king_snake,6,,
057_n01735189_r06.JPEG,57,n01735189,garter_snake,6,,
058_n01737021_r05.JPEG,58,n01737021,water_snake,5,,
059_n01739381_r17.JPEG,59,n01739381,vine_snake,17,,
060_n01740131_r42.JPEG,60,n01740131,night_snake,42,,
061_n01742172_r15.JPEG,61,n01742172,boa_constrictor,15,,
062_n01744401_r35.JPEG,62,n01744401,rock_python,35,,
063_n01748264_r27.JPEG,63,n01748264,Indian_cobra,27,,
064_n01749939_r30.JPEG,64,n01749939,green_mamba,30,,
065_n01751748_r02.JPEG,65,n01751748,sea_snake,2,,
066_n01753488_r33.JPEG,66,n01753488,horned_viper,33,,
067_n01755581_r22.JPEG,67,n01755581,diamondback,22,,
068_n01756291_r06.JPEG,68,n01756291,sidewinder,6,,
069_n01768244_r27.JPEG,69,n01768244,trilobite,27,,
070_n01770081_r30.JPEG,70,n01770081,harvestman,30,,
071_n01770393_r05.JPEG,71,n01770393,scorpion,5,,
072_n01773157_r25.JPEG,72,n01773157,black_and_gold_garden_spider,25,,
073_n01773549_r17.JPEG,73,n01773549,barn_spider,17,,
074_n01773797_r37.JPEG,74,n01773797,garden_spider,37,,
075_n01774384_r25.JPEG,75,n01774384,black_widow,25,,
076_n01774750_r01.JPEG,76,n01774750,tarantula,1,,
077_n01775062_r15.JPEG,77,n01775062,wolf_spider,15,,
078_n01776313_r28.JPEG,78,n01776313,tick,28,,
079_n01784675_r20.JPEG,79,n01784675,centipede,20,,
080_n01795545_r13.JPEG,80,n01795545,black_grouse,13,,
081_n01796340_r20.JPEG,81,n01796340,ptarmigan,20,,
082_n01797886_r16.JPEG,82,n01797886,ruffed_grouse,16,,
083_n01798484_r04.JPEG,83,n01798484,prairie_chicken,4,,
084_n01806143_r34.JPEG,84,n01806143,peacock,34,,
085_n01806567_r29.JPEG,85,n01806567,quail,29,,
086_n01807496_r26.JPEG,86,n01807496,partridge,26,,
087_n01817953_r03.JPEG,87,n01817953,African_grey,3,,
088_n01818515_r33.JPEG,88,n01818515,macaw,33,,
089_n01819313_r29.JPEG,89,n01819313,sulphur-crested_cockatoo,29,,
090_n01820546_r40.JPEG,90,n01820546,lorikeet,40,,
091_n01824575_r04.JPEG,91,n01824575,coucal,4,,
092_n01828970_r16.JPEG,92,n01828970,bee_eater,16,,
093_n01829413_r26.JPEG,93,n01829413,hornbill,26,,
094_n01833805_r06.JPEG,94,n01833805,hummingbird,6,,
095_n01843065_r42.JPEG,95,n01843065,jacamar,42,,
096_n01843383_r12.JPEG,96,n01843383,toucan,12,,
097_n01847000_r14.JPEG,97,n01847000,drake,14,,
098_n01855032_r19.JPEG,98,n01855032,red-breasted_merganser,19,,
099_n01855672_r04.JPEG,99,n01855672,goose,4,,
100_n01860187_r08.JPEG,100,n01860187,black_swan,8,,
101_n01871265_r16.JPEG,101,n01871265,tusker,16,,
102_n01872401_r10.JPEG,102,n01872401,echidna,10,,
103_n01873310_r21.JPEG,103,n01873310,platypus,21,,
104_n01877812_r32.JPEG,104,n01877812,wallaby,32,,
105_n01882714_r30.JPEG,105,n01882714,koala,30,,
106_n01883070_r43.JPEG,106,n01883070,wombat,43,,
107_n01910747_r07.JPEG,107,n01910747,jellyfish,7,,
108_n01914609_r32.JPEG,108,n01914609,sea_anemone,32,,
109_n01917289_r00.JPEG,109,n01917289,brain_coral,0,,
110_n01924916_r00.JPEG,110,n01924916,flatworm,0,,
111_n01930112_r42.JPEG,111,n01930112,nematode,42,,
112_n01943899_r18.JPEG,112,n01943899,conch,18,,
113_n01944390_r22.JPEG,113,n01944390,snail,22,,
114_n01945685_r43.JPEG,114,n01945685,slug,43,,
115_n01950731_r28.JPEG,115,n01950731,sea_slug,28,,
116_n01955084_r34.JPEG,116,n01955084,chiton,34,,
117_n01968897_r40.JPEG,117,n01968897,chambered_nautilus,40,,
118_n01978287_r32.JPEG,118,n01978287,Dungeness_crab,32,,
119_n01978455_r38.JPEG,119,n01978455,rock_crab,38,,
120_n01980166_r06.JPEG,120,n01980166,fiddler_crab,6,,
121_n01981276_r43.JPEG,121,n01981276,king_crab,43,,
122_n01983481_r20.JPEG,122,n01983481,American_lobster,20,,
123_n01984695_r16.JPEG,123,n01984695,spiny_lobster,16,,
124_n01985128_r08.JPEG,124,n01985128,crayfish,8,,
125_n01986214_r09.JPEG,125,n01986214,hermit_crab,9,,
126_n01990800_r07.JPEG,126,n01990800,isopod,7,,
127_n02002556_r00.JPEG,127,n02002556,white_stork,0,,
128_n02002724_r13.JPEG,128,n02002724,black_stork,13,,
129_n02006656_r19.JPEG,129,n02006656,spoonbill,19,,
130_n02007558_r47.JPEG,130,n02007558,flamingo,47,,
131_n02009229_r30.JPEG,131,n02009229,little_blue_heron,30,,
132_n02009912_r38.JPEG,132,n02009912,American_egret,38,,
133_n02011460_r28.JPEG,133,n02011460,bittern,28,,
134_n02012849_r40.JPEG,134,n02012849,crane,40,,
135_n02013706_r43.JPEG,135,n02013706,limpkin,43,,
136_n02017213_r44.JPEG,136,n02017213,European_gallinule,44,,
137_n02018207_r41.JPEG,137,n02018207,American_coot,41,,
138_n02018795_r34.JPEG,138,n02018795,bustard,34,,
139_n02025239_r24.JPEG,139,n02025239,ruddy_turnstone,24,,
140_n02027492_r08.JPEG,140,n02027492,red-backed_sandpiper,8,,
141_n02028035_r06.JPEG,141,n02028035,redshank,6,,
142_n02033041_r46.JPEG,142,n02033041,dowitcher,46,,
143_n02037110_r25.JPEG,143,n02037110,oystercatcher,25,,
144_n02051845_r40.JPEG,144,n02051845,pelican,40,,
145_n02056570_r45.JPEG,145,n02056570,king_penguin,45,,
146_n02058221_r03.JPEG,146,n02058221,albatross,3,,
147_n02066245_r44.JPEG,147,n02066245,grey_whale,44,,
148_n02071294_r14.JPEG,148,n02071294,killer_whale,14,,
149_n02074367_r33.JPEG,149,n02074367,dugong,33,,
150_n02077923_r22.JPEG,150,n02077923,sea_lion,22,,
151_n02085620_r32.JPEG,151,n02085620,Chihuahua,32,,
152_n02085782_r24.JPEG,152,n02085782,Japanese_spaniel,24,,
153_n02085936_r41.JPEG,153,n02085936,Maltese_dog,41,,
154_n02086079_r47.JPEG,154,n02086079,Pekinese,47,,
155_n02086240_r34.JPEG,155,n02086240,Shih-Tzu,34,,
156_n02086646_r20.JPEG,156,n02086646,Blenheim_spaniel,20,,
157_n02086910_r31.JPEG,157,n02086910,papillon,31,,
158_n02087046_r08.JPEG,158,n02087046,toy_terrier,8,,
159_n02087394_r20.JPEG,159,n02087394,Rhodesian_ridgeback,20,,
160_n02088094_r37.JPEG,160,n02088094,Afghan_hound,37,,
161_n02088238_r19.JPEG,161,n02088238,basset,19,,
162_n02088364_r49.JPEG,162,n02088364,beagle,49,,
163_n02088466_r24.JPEG,163,n02088466,bloodhound,24,,
164_n02088632_r44.JPEG,164,n02088632,bluetick,44,,
165_n02089078_r44.JPEG,165,n02089078,black-and-tan_coonhound,44,,
166_n02089867_r11.JPEG,166,n02089867,Walker_hound,11,,
167_n02089973_r32.JPEG,167,n02089973,English_foxhound,32,,
168_n02090379_r47.JPEG,168,n02090379,redbone,47,,
169_n02090622_r41.JPEG,169,n02090622,borzoi,41,,
170_n02090721_r24.JPEG,170,n02090721,Irish_wolfhound,24,,
171_n02091032_r25.JPEG,171,n02091032,Italian_greyhound,25,,
172_n02091134_r39.JPEG,172,n02091134,whippet,39,,
173_n02091244_r26.JPEG,173,n02091244,Ibizan_hound,26,,
174_n02091467_r27.JPEG,174,n02091467,Norwegian_elkhound,27,,
175_n02091635_r34.JPEG,175,n02091635,otterhound,34,,
176_n02091831_r49.JPEG,176,n02091831,Saluki,49,,
177_n02092002_r34.JPEG,177,n02092002,Scottish_deerhound,34,,
178_n02092339_r25.JPEG,178,n02092339,Weimaraner,25,,
179_n02093256_r10.JPEG,179,n02093256,Staffordshire_bullterrier,10,,
180_n02093428_r14.JPEG,180,n02093428,American_Staffordshire_terrier,14,,
181_n02093647_r46.JPEG,181,n02093647,Bedlington_terrier,46,,
182_n02093754_r41.JPEG,182,n02093754,Border_terrier,41,,
183_n02093859_r11.JPEG,183,n02093859,Kerry_blue_terrier,11,,
184_n02093991_r17.JPEG,184,n02093991,Irish_terrier,17,,
185_n02094114_r32.JPEG,185,n02094114,Norfolk_terrier,32,,
186_n02094258_r31.JPEG,186,n02094258,Norwich_terrier,31,,
187_n02094433_r18.JPEG,187,n02094433,Yorkshire_terrier,18,,
188_n02095314_r35.JPEG,188,n02095314,wire-haired_fox_terrier,35,,
189_n02095570_r14.JPEG,189,n02095570,Lakeland_terrier,14,,
190_n02095889_r44.JPEG,190,n02095889,Sealyham_terrier,44,,
191_n02096051_r49.JPEG,191,n02096051,Airedale,49,,
192_n02096177_r13.JPEG,192,n02096177,cairn,13,,
193_n02096294_r33.JPEG,193,n02096294,Australian_terrier,33,,
194_n02096437_r27.JPEG,194,n02096437,Dandie_Dinmont,27,,
195_n02096585_r14.JPEG,195,n02096585,Boston_bull,14,,
196_n02097047_r31.JPEG,196,n02097047,miniature_schnauzer,31,,
197_n02097130_r36.JPEG,197,n02097130,giant_schnauzer,36,,
198_n02097209_r25.JPEG,198,n02097209,standard_schnauzer,25,,
199_n02097298_r37.JPEG,199,n02097298,Scotch_terrier,37,,
200_n02097474_r47.JPEG,200,n02097474,Tibetan_terrier,47,,
201_n02097658_r18.JPEG,201,n02097658,silky_terrier,18,,
202_n02098105_r18.JPEG,202,n02098105,soft-coated_wheaten_terrier,18,,
203_n02098286_r46.JPEG,203,n02098286,West_Highland_white_terrier,46,,
204_n02098413_r39.JPEG,204,n02098413,Lhasa,39,,
205_n02099267_r48.JPEG,205,n02099267,flat-coated_retriever,48,,
206_n02099429_r38.JPEG,206,n02099429,curly-coated_retriever,38,,
207_n02099601_r13.JPEG,207,n02099601,golden_retriever,13,,
208_n02099712_r28.JPEG,208,n02099712,Labrador_retriever,28,,
209_n02099849_r36.JPEG,209,n02099849,Chesapeake_Bay_retriever,36,,
210_n02100236_r18.JPEG,210,n02100236,German_short-haired_pointer,18,,
211_n02100583_r10.JPEG,211,n02100583,vizsla,10,,
212_n02100735_r36.JPEG,212,n02100735,English_setter,36,,
213_n02100877_r10.JPEG,213,n02100877,Irish_setter,10,,
214_n02101006_r48.JPEG,214,n02101006,Gordon_setter,48,,
215_n02101388_r38.JPEG,215,n02101388,Brittany_spaniel,38,,
216_n02101556_r40.JPEG,216,n02101556,clumber,40,,
217_n02102040_r47.JPEG,217,n02102040,English_springer,47,,
218_n02102177_r45.JPEG,218,n02102177,Welsh_springer_spaniel,45,,
219_n02102318_r24.JPEG,219,n02102318,cocker_spaniel,24,,
220_n02102480_r18.JPEG,220,n02102480,Sussex_spaniel,18,,
221_n02102973_r15.JPEG,221,n02102973,Irish_water_spaniel,15,,
222_n02104029_r36.JPEG,222,n02104029,kuvasz,36,,
223_n02104365_r14.JPEG,223,n02104365,schipperke,14,,
224_n02105056_r35.JPEG,224,n02105056,groenendael,35,,
225_n02105162_r22.JPEG,225,n02105162,malinois,22,,
226_n02105251_r11.JPEG,226,n02105251,briard,11,,
227_n02105412_r32.JPEG,227,n02105412,kelpie,32,,
228_n02105505_r07.JPEG,228,n02105505,komondor,7,,
229_n02105641_r45.JPEG,229,n02105641,Old_English_sheepdog,45,,
230_n02105855_r14.JPEG,230,n02105855,Shetland_sheepdog,14,,
231_n02106030_r37.JPEG,231,n02106030,collie,37,,
232_n02106166_r28.JPEG,232,n02106166,Border_collie,28,,
233_n02106382_r43.JPEG,233,n02106382,Bouvier_des_Flandres,43,,
234_n02106550_r37.JPEG,234,n02106550,Rottweiler,37,,
235_n02106662_r37.JPEG,235,n02106662,German_shepherd,37,,
236_n02107142_r26.JPEG,236,n02107142,Doberman,26,,
237_n02107312_r21.JPEG,237,n02107312,miniature_pinscher,21,,
238_n02107574_r04.JPEG,238,n02107574,Greater_Swiss_Mountain_dog,4,,
239_n02107683_r47.JPEG,239,n02107683,Bernese_mountain_dog,47,,
240_n02107908_r27.JPEG,240,n02107908,Appenzeller,27,,
241_n02108000_r30.JPEG,241,n02108000,EntleBucher,30,,
242_n02108089_r45.JPEG,242,n02108089,boxer,45,,
243_n02108422_r22.JPEG,243,n02108422,bull_mastiff,22,,
244_n02108551_r02.JPEG,244,n02108551,Tibetan_mastiff,2,,
245_n02108915_r33.JPEG,245,n02108915,French_bulldog,33,,
246_n02109047_r08.JPEG,246,n02109047,Great_Dane,8,,
247_n02109525_r37.JPEG,247,n02109525,Saint_Bernard,37,,
248_n02109961_r33.JPEG,248,n02109961,Eskimo_dog,33,,
249_n02110063_r28.JPEG,249,n02110063,malamute,28,,
250_n02110185_r20.JPEG,250,n02110185,Siberian_husky,20,,
251_n02110341_r24.JPEG,251,n02110341,dalmatian,24,,
252_n02110627_r09.JPEG,252,n02110627,affenpinscher,9,,
253_n02110806_r45.JPEG,253,n02110806,basenji,45,,
254_n02110958_r13.JPEG,254,n02110958,pug,13,,
255_n02111129_r25.JPEG,255,n02111129,Leonberg,25,,
256_n02111277_r04.JPEG,256,n02111277,Newfoundland,4,,
257_n02111500_r26.JPEG,257,n02111500,Great_Pyrenees,26,,
258_n02111889_r45.JPEG,258,n02111889,Samoyed,45,,
259_n02112018_r46.JPEG,259,n02112018,Pomeranian,46,,
260_n02112137_r28.JPEG,260,n02112137,chow,28,,
261_n02112350_r48.JPEG,261,n02112350,keeshond,48,,
262_n02112706_r03.JPEG,262,n02112706,Brabancon_griffon,3,,
263_n02113023_r32.JPEG,263,n02113023,Pembroke,32,,
264_n02113186_r39.JPEG,264,n02113186,Cardigan,39,,
265_n02113624_r21.JPEG,265,n02113624,toy_poodle,21,,
266_n02113712_r25.JPEG,266,n02113712,miniature_poodle,25,,
267_n02113799_r07.JPEG,267,n02113799,standard_poodle,7,,
268_n02113978_r23.JPEG,268,n02113978,Mexican_hairless,23,,
269_n02114367_r04.JPEG,269,n02114367,timber_wolf,4,,
270_n02114548_r43.JPEG,270,n02114548,white_wolf,43,,
271_n02114712_r15.JPEG,271,n02114712,red_wolf,15,,
272_n02114855_r13.JPEG,272,n02114855,coyote,13,,
273_n02115641_r00.JPEG,273,n02115641,dingo,0,,
274_n02115913_r01.JPEG,274,n02115913,dhole,1,,
275_n02116738_r42.JPEG,275,n02116738,African_hunting_dog,42,,
276_n02117135_r18.JPEG,276,n02117135,hyena,18,,
277_n02119022_r11.JPEG,277,n02119022,red_fox,11,,
278_n02119789_r49.JPEG,278,n02119789,kit_fox,49,,
279_n02120079_r07.JPEG,279,n02120079,Arctic_fox,7,,
280_n02120505_r05.JPEG,280,n02120505,grey_fox,5,,
281_n02123045_r24.JPEG,281,n02123045,tabby,24,,
282_n02123159_r01.JPEG,282,n02123159,tiger_cat,1,,
283_n02123394_r31.JPEG,283,n02123394,Persian_cat,31,,
284_n02123597_r07.JPEG,284,n02123597,Siamese_cat,7,,
285_n02124075_r02.JPEG,285,n02124075,Egyptian_cat,2,,
286_n02125311_r44.JPEG,286,n02125311,cougar,44,,
287_n02127052_r06.JPEG,287,n02127052,lynx,6,,
288_n02128385_r24.JPEG,288,n02128385,leopard,24,,
289_n02128757_r47.JPEG,289,n02128757,snow_leopard,47,,
290_n02128925_r48.JPEG,290,n02128925,jaguar,48,,
291_n02129165_r30.JPEG,291,n02129165,lion,30,,
292_n02129604_r42.JPEG,292,n02129604,tiger,42,,
293_n02130308_r46.JPEG,293,n02130308,cheetah,46,,
294_n02132136_r33.JPEG,294,n02132136,brown_bear,33,,
295_n02133161_r10.JPEG,295,n02133161,American_black_bear,10,,
296_n02134084_r15.JPEG,296,n02134084,ice_bear,15,,
297_n02134418_r40.JPEG,297,n02134418,sloth_bear,40,,
298_n02137549_r47.JPEG,298,n02137549,mongoose,47,,
299_n02138441_r07.JPEG,299,n02138441,meerkat,7,,
300_n02165105_r43.JPEG,300,n02165105,tiger_beetle,43,,
301_n02165456_r31.JPEG,301,n02165456,ladybug,31,,
302_n02167151_r14.JPEG,302,n02167151,ground_beetle,14,,
303_n02168699_r40.JPEG,303,n02168699,long-horned_beetle,40,,
304_n02169497_r02.JPEG,304,n02169497,leaf_beetle,2,,
305_n02172182_r08.JPEG,305,n02172182,dung_beetle,8,,
306_n02174001_r35.JPEG,306,n02174001,rhinoceros_beetle,35,,
307_n02177972_r04.JPEG,307,n02177972,weevil,4,,
308_n02190166_r39.JPEG,308,n02190166,fly,39,,
309_n02206856_r32.JPEG,309,n02206856,bee,32,,
310_n02219486_r29.JPEG,310,n02219486,ant,29,,
311_n02226429_r23.JPEG,311,n02226429,grasshopper,23,,
312_n02229544_r17.JPEG,312,n02229544,cricket,17,,
313_n02231487_r26.JPEG,313,n02231487,walking_stick,26,,
314_n02233338_r49.JPEG,314,n02233338,cockroach,49,,
315_n02236044_r34.JPEG,315,n02236044,mantis,34,,
316_n02256656_r38.JPEG,316,n02256656,cicada,38,,
317_n02259212_r42.JPEG,317,n02259212,leafhopper,42,,
318_n02264363_r39.JPEG,318,n02264363,lacewing,39,,
319_n02268443_r31.JPEG,319,n02268443,dragonfly,31,,
320_n02268853_r43.JPEG,320,n02268853,damselfly,43,,
321_n02276258_r41.JPEG,321,n02276258,admiral,41,,
322_n02277742_r17.JPEG,322,n02277742,ringlet,17,,
323_n02279972_r48.JPEG,323,n02279972,monarch,48,,
324_n02280649_r09.JPEG,324,n02280649,cabbage_butterfly,9,,
325_n02281406_r49.JPEG,325,n02281406,sulphur_butterfly,49,,
326_n02281787_r00.JPEG,326,n02281787,lycaenid,0,,
327_n02317335_r19.JPEG,327,n02317335,starfish,19,,
328_n02319095_r36.JPEG,328,n02319095,sea_urchin,36,,
329_n02321529_r12.JPEG,329,n02321529,sea_cucumber,12,,
330_n02325366_r10.JPEG,330,n02325366,wood_rabbit,10,,
331_n02326432_r43.JPEG,331,n02326432,hare,43,,
332_n02328150_r45.JPEG,332,n02328150,Angora,45,,
333_n02342885_r16.JPEG,333,n02342885,hamster,16,,
334_n02346627_r14.JPEG,334,n02346627,porcupine,14,,
335_n02356798_r40.JPEG,335,n02356798,fox_squirrel,40,,
336_n02361337_r35.JPEG,336,n02361337,marmot,35,,
337_n02363005_r10.JPEG,337,n02363005,beaver,10,,
338_n02364673_r08.JPEG,338,n02364673,guinea_pig,8,,
339_n02389026_r08.JPEG,339,n02389026,sorrel,8,,
340_n02391049_r04.JPEG,340,n02391049,zebra,4,,
341_n02395406_r21.JPEG,341,n02395406,hog,21,,
342_n02396427_r45.JPEG,342,n02396427,wild_boar,45,,
343_n02397096_r19.JPEG,343,n02397096,warthog,19,,
344_n02398521_r10.JPEG,344,n02398521,hippopotamus,10,,
345_n02403003_r04.JPEG,345,n02403003,ox,4,,
346_n02408429_r38.JPEG,346,n02408429,water_buffalo,38,,
347_n02410509_r47.JPEG,347,n02410509,bison,47,,
348_n02412080_r08.JPEG,348,n02412080,ram,8,,
349_n02415577_r16.JPEG,349,n02415577,bighorn,16,,
350_n02417914_r15.JPEG,350,n02417914,ibex,15,,
351_n02422106_r05.JPEG,351,n02422106,hartebeest,5,,
352_n02422699_r10.JPEG,352,n02422699,impala,10,,
353_n02423022_r12.JPEG,353,n02423022,gazelle,12,,
354_n02437312_r20.JPEG,354,n02437312,Arabian_camel,20,,
355_n02437616_r03.JPEG,355,n02437616,llama,3,,
356_n02441942_r40.JPEG,356,n02441942,weasel,40,,
357_n02442845_r28.JPEG,357,n02442845,mink,28,,
358_n02443114_r34.JPEG,358,n02443114,polecat,34,,
359_n02443484_r39.JPEG,359,n02443484,black-footed_ferret,39,,
360_n02444819_r00.JPEG,360,n02444819,otter,0,,
361_n02445715_r33.JPEG,361,n02445715,skunk,33,,
362_n02447366_r08.JPEG,362,n02447366,badger,8,,
363_n02454379_r19.JPEG,363,n02454379,armadillo,19,,
364_n02457408_r47.JPEG,364,n02457408,three-toed_sloth,47,,
365_n02480495_r39.JPEG,365,n02480495,orangutan,39,,
366_n02480855_r49.JPEG,366,n02480855,gorilla,49,,
367_n02481823_r20.JPEG,367,n02481823,chimpanzee,20,,
368_n02483362_r30.JPEG,368,n02483362,gibbon,30,,
369_n02483708_r00.JPEG,369,n02483708,siamang,0,,
370_n02484975_r19.JPEG,370,n02484975,guenon,19,,
371_n02486261_r20.JPEG,371,n02486261,patas,20,,
372_n02486410_r44.JPEG,372,n02486410,baboon,44,,
373_n02487347_r05.JPEG,373,n02487347,macaque,5,,
374_n02488291_r10.JPEG,374,n02488291,langur,10,,
375_n02488702_r07.JPEG,375,n02488702,colobus,7,,
376_n02489166_r20.JPEG,376,n02489166,proboscis_monkey,20,,
377_n02490219_r07.JPEG,377,n02490219,marmoset,7,,
378_n02492035_r26.JPEG,378,n02492035,capuchin,26,,
379_n02492660_r14.JPEG,379,n02492660,howler_monkey,14,,
380_n02493509_r25.JPEG,380,n02493509,titi,25,,
381_n02493793_r16.JPEG,381,n02493793,spider_monkey,16,,
382_n02494079_r46.JPEG,382,n02494079,squirrel_monkey,46,,
383_n02497673_r29.JPEG,383,n02497673,Madagascar_cat,29,,
384_n02500267_r19.JPEG,384,n02500267,indri,19,,
385_n02504013_r46.JPEG,385,n02504013,Indian_elephant,46,,
386_n02504458_r18.JPEG,386,n02504458,African_elephant,18,,
387_n02509815_r29.JPEG,387,n02509815,lesser_panda,29,,
388_n02510455_r39.JPEG,388,n02510455,giant_panda,39,,
389_n02514041_r42.JPEG,389,n02514041,barracouta,42,,
390_n02526121_r42.JPEG,390,n02526121,eel,42,,
391_n02536864_r48.JPEG,391,n02536864,coho,48,,
392_n02606052_r07.JPEG,392,n02606052,rock_beauty,7,,
393_n02607072_r26.JPEG,393,n02607072,anemone_fish,26,,
394_n02640242_r39.JPEG,394,n02640242,sturgeon,39,,
395_n02641379_r05.JPEG,395,n02641379,gar,5,,
396_n02643566_r36.JPEG,396,n02643566,lionfish,36,,
397_n02655020_r02.JPEG,397,n02655020,puffer,2,,
398_n02666196_r39.JPEG,398,n02666196,abacus,39,,
399_n02667093_r42.JPEG,399,n02667093,abaya,42,,
400_n02669723_r36.JPEG,400,n02669723,academic_gown,36,,
401_n02672831_r31.JPEG,401,n02672831,accordion,31,,
402_n02676566_r17.JPEG,402,n02676566,acoustic_guitar,17,,
403_n02687172_r24.JPEG,403,n02687172,aircraft_carrier,24,,
404_n02690373_r34.JPEG,404,n02690373,airliner,34,,
405_n02692877_r36.JPEG,405,n02692877,airship,36,,
406_n02699494_r05.JPEG,406,n02699494,altar,5,,
407_n02701002_r00.JPEG,407,n02701002,ambulance,0,,
408_n02704792_r44.JPEG,408,n02704792,amphibian,44,,
409_n02708093_r42.JPEG,409,n02708093,analog_clock,42,,
410_n02727426_r19.JPEG,410,n02727426,apiary,19,,
411_n02730930_r36.JPEG,411,n02730930,apron,36,,
412_n02747177_r14.JPEG,412,n02747177,ashcan,14,,
413_n02749479_r26.JPEG,413,n02749479,assault_rifle,26,,
414_n02769748_r22.JPEG,414,n02769748,backpack,22,,
415_n02776631_r34.JPEG,415,n02776631,bakery,34,,
416_n02777292_r30.JPEG,416,n02777292,balance_beam,30,,
417_n02782093_r29.JPEG,417,n02782093,balloon,29,,
418_n02783161_r37.JPEG,418,n02783161,ballpoint,37,,
419_n02786058_r22.JPEG,419,n02786058,Band_Aid,22,,
420_n02787622_r03.JPEG,420,n02787622,banjo,3,,
421_n02788148_r24.JPEG,421,n02788148,bannister,24,,
422_n02790996_r07.JPEG,422,n02790996,barbell,7,,
423_n02791124_r00.JPEG,423,n02791124,barber_chair,0,,
424_n02791270_r07.JPEG,424,n02791270,barbershop,7,,
425_n02793495_r32.JPEG,425,n02793495,barn,32,,
426_n02794156_r35.JPEG,426,n02794156,barometer,35,,
427_n02795169_r49.JPEG,427,n02795169,barrel,49,,
428_n02797295_r13.JPEG,428,n02797295,barrow,13,,
429_n02799071_r21.JPEG,429,n02799071,baseball,21,,
430_n02802426_r12.JPEG,430,n02802426,basketball,12,,
431_n02804414_r06.JPEG,431,n02804414,bassinet,6,,
432_n02804610_r03.JPEG,432,n02804610,bassoon,3,,
433_n02807133_r31.JPEG,433,n02807133,bathing_cap,31,,
434_n02808304_r32.JPEG,434,n02808304,bath_towel,32,,
435_n02808440_r22.JPEG,435,n02808440,bathtub,22,,
436_n02814533_r12.JPEG,436,n02814533,beach_wagon,12,,
437_n02814860_r08.JPEG,437,n02814860,beacon,8,,
438_n02815834_r42.JPEG,438,n02815834,beaker,42,,
439_n02817516_r23.JPEG,439,n02817516,bearskin,23,,
440_n02823428_r35.JPEG,440,n02823428,beer_bottle,35,,
441_n02823750_r07.JPEG,441,n02823750,beer_glass,7,,
442_n02825657_r43.JPEG,442,n02825657,bell_cote,43,,
443_n02834397_r40.JPEG,443,n02834397,bib,40,,
444_n02835271_r01.JPEG,444,n02835271,bicycle-built-for-two,1,,
445_n02837789_r24.JPEG,445,n02837789,bikini,24,,
446_n02840245_r17.JPEG,446,n02840245,binder,17,,
447_n02841315_r37.JPEG,447,n02841315,binoculars,37,,
448_n02843684_r44.JPEG,448,n02843684,birdhouse,44,,
449_n02859443_r05.JPEG,449,n02859443,boathouse,5,,
450_n02860847_r00.JPEG,450,n02860847,bobsled,0,,
451_n02865351_r04.JPEG,451,n02865351,bolo_tie,4,,
452_n02869837_r11.JPEG,452,n02869837,bonnet,11,,
453_n02870880_r42.JPEG,453,n02870880,bookcase,42,,
454_n02871525_r17.JPEG,454,n02871525,bookshop,17,,
455_n02877765_r21.JPEG,455,n02877765,bottlecap,21,,
456_n02879718_r14.JPEG,456,n02879718,bow,14,,
457_n02883205_r38.JPEG,457,n02883205,bow_tie,38,,
458_n02892201_r46.JPEG,458,n02892201,brass,46,,
459_n02892767_r04.JPEG,459,n02892767,brassiere,4,,
460_n02894605_r15.JPEG,460,n02894605,breakwater,15,,
461_n02895154_r11.JPEG,461,n02895154,breastplate,11,,
462_n02906734_r16.JPEG,462,n02906734,broom,16,,
463_n02909870_r45.JPEG,463,n02909870,bucket,45,,
464_n02910353_r18.JPEG,464,n02910353,buckle,18,,
465_n02916936_r05.JPEG,465,n02916936,bulletproof_vest,5,,
466_n02917067_r20.JPEG,466,n02917067,bullet_train,20,,
467_n02927161_r26.JPEG,467,n02927161,butcher_shop,26,,
468_n02930766_r13.JPEG,468,n02930766,cab,13,,
469_n02939185_r13.JPEG,469,n02939185,caldron,13,,
470_n02948072_r16.JPEG,470,n02948072,candle,16,,
471_n02950826_r15.JPEG,471,n02950826,cannon,15,,
472_n02951358_r17.JPEG,472,n02951358,canoe,17,,
473_n02951585_r02.JPEG,473,n02951585,can_opener,2,,
474_n02963159_r44.JPEG,474,n02963159,cardigan,44,,
475_n02965783_r34.JPEG,475,n02965783,car_mirror,34,,
476_n02966193_r49.JPEG,476,n02966193,carousel,49,,
477_n02966687_r02.JPEG,477,n02966687,carpenter's_kit,2,,
478_n02971356_r00.JPEG,478,n02971356,carton,0,,
479_n02974003_r16.JPEG,479,n02974003,car_wheel,16,,
480_n02977058_r23.JPEG,480,n02977058,cash_machine,23,,
481_n02978881_r26.JPEG,481,n02978881,cassette,26,,
482_n02979186_r28.JPEG,482,n02979186,cassette_player,28,,
483_n02980441_r48.JPEG,483,n02980441,castle,48,,
484_n02981792_r47.JPEG,484,n02981792,catamaran,47,,
485_n02988304_r42.JPEG,485,n02988304,CD_player,42,,
486_n02992211_r25.JPEG,486,n02992211,cello,25,,
487_n02992529_r24.JPEG,487,n02992529,cellular_telephone,24,,
488_n02999410_r41.JPEG,488,n02999410,chain,41,,
489_n03000134_r40.JPEG,489,n03000134,chainlink_fence,40,,
490_n03000247_r44.JPEG,490,n03000247,chain_mail,44,,
491_n03000684_r17.JPEG,491,n03000684,chain_saw,17,,
492_n03014705_r43.JPEG,492,n03014705,chest,43,,
493_n03016953_r01.JPEG,493,n03016953,chiffonier,1,,
494_n03017168_r38.JPEG,494,n03017168,chime,38,,
495_n03018349_r10.JPEG,495,n03018349,china_cabinet,10,,
496_n03026506_r00.JPEG,496,n03026506,Christmas_stocking,0,,
497_n03028079_r02.JPEG,497,n03028079,church,2,,
498_n03032252_r03.JPEG,498,n03032252,cinema,3,,
499_n03041632_r16.JPEG,499,n03041632,cleaver,16,,
500_n03042490_r31.JPEG,500,n03042490,cliff_dwelling,31,,
501_n03045698_r26.JPEG,501,n03045698,cloak,26,,
502_n03047690_r03.JPEG,502,n03047690,clog,3,,
503_n03062245_r17.JPEG,503,n03062245,cocktail_shaker,17,,
504_n03063599_r16.JPEG,504,n03063599,coffee_mug,16,,
505_n03063689_r26.JPEG,505,n03063689,coffeepot,26,,
506_n03065424_r19.JPEG,506,n03065424,coil,19,,
507_n03075370_r25.JPEG,507,n03075370,combination_lock,25,,
508_n03085013_r19.JPEG,508,n03085013,computer_keyboard,19,,
509_n03089624_r13.JPEG,509,n03089624,confectionery,13,,
510_n03095699_r10.JPEG,510,n03095699,container_ship,10,,
511_n03100240_r42.JPEG,511,n03100240,convertible,42,,
512_n03109150_r29.JPEG,512,n03109150,corkscrew,29,,
513_n03110669_r20.JPEG,513,n03110669,cornet,20,,
514_n03124043_r11.JPEG,514,n03124043,cowboy_boot,11,,
515_n03124170_r10.JPEG,515,n03124170,cowboy_hat,10,,
516_n03125729_r32.JPEG,516,n03125729,cradle,32,,
517_n03126707_r27.JPEG,517,n03126707,crane,27,,
518_n03127747_r14.JPEG,518,n03127747,crash_helmet,14,,
519_n03127925_r29.JPEG,519,n03127925,crate,29,,
520_n03131574_r21.JPEG,520,n03131574,crib,21,,
521_n03133878_r30.JPEG,521,n03133878,Crock_Pot,30,,
522_n03134739_r29.JPEG,522,n03134739,croquet_ball,29,,
523_n03141823_r36.JPEG,523,n03141823,crutch,36,,
524_n03146219_r42.JPEG,524,n03146219,cuirass,42,,
525_n03160309_r20.JPEG,525,n03160309,dam,20,,
526_n03179701_r43.JPEG,526,n03179701,desk,43,,
527_n03180011_r08.JPEG,527,n03180011,desktop_computer,8,,
528_n03187595_r22.JPEG,528,n03187595,dial_telephone,22,,
529_n03188531_r46.JPEG,529,n03188531,diaper,46,,
530_n03196217_r41.JPEG,530,n03196217,digital_clock,41,,
531_n03197337_r32.JPEG,531,n03197337,digital_watch,32,,
532_n03201208_r37.JPEG,532,n03201208,dining_table,37,,
533_n03207743_r06.JPEG,533,n03207743,dishrag,6,,
534_n03207941_r41.JPEG,534,n03207941,dishwasher,41,,
535_n03208938_r10.JPEG,535,n03208938,disk_brake,10,,
536_n03216828_r06.JPEG,536,n03216828,dock,6,,
537_n03218198_r20.JPEG,537,n03218198,dogsled,20,,
538_n03220513_r46.JPEG,538,n03220513,dome,46,,
539_n03223299_r30.JPEG,539,n03223299,doormat,30,,
540_n03240683_r14.JPEG,540,n03240683,drilling_platform,14,,
541_n03249569_r49.JPEG,541,n03249569,drum,49,,
542_n03250847_r46.JPEG,542,n03250847,drumstick,46,,
543_n03255030_r11.JPEG,543,n03255030,dumbbell,11,,
544_n03259280_r34.JPEG,544,n03259280,Dutch_oven,34,,
545_n03271574_r35.JPEG,545,n03271574,electric_fan,35,,
546_n03272010_r35.JPEG,546,n03272010,electric_guitar,35,,
547_n03272562_r46.JPEG,547,n03272562,electric_locomotive,46,,
548_n03290653_r21.JPEG,548,n03290653,entertainment_center,21,,
549_n03291819_r19.JPEG,549,n03291819,envelope,19,,
550_n03297495_r07.JPEG,550,n03297495,espresso_maker,7,,
551_n03314780_r35.JPEG,551,n03314780,face_powder,35,,
552_n03325584_r33.JPEG,552,n03325584,feather_boa,33,,
553_n03337140_r07.JPEG,553,n03337140,file,7,,
554_n03344393_r45.JPEG,554,n03344393,fireboat,45,,
555_n03345487_r20.JPEG,555,n03345487,fire_engine,20,,
556_n03347037_r06.JPEG,556,n03347037,fire_screen,6,,
557_n03355925_r14.JPEG,557,n03355925,flagpole,14,,
558_n03372029_r14.JPEG,558,n03372029,flute,14,,
559_n03376595_r18.JPEG,559,n03376595,folding_chair,18,,
560_n03379051_r19.JPEG,560,n03379051,football_helmet,19,,
561_n03384352_r14.JPEG,561,n03384352,forklift,14,,
562_n03388043_r38.JPEG,562,n03388043,fountain,38,,
563_n03388183_r38.JPEG,563,n03388183,fountain_pen,38,,
564_n03388549_r25.JPEG,564,n03388549,four-poster,25,,
565_n03393912_r28.JPEG,565,n03393912,freight_car,28,,
566_n03394916_r31.JPEG,566,n03394916,French_horn,31,,
567_n03400231_r39.JPEG,567,n03400231,frying_pan,39,,
568_n03404251_r04.JPEG,568,n03404251,fur_coat,4,,
569_n03417042_r18.JPEG,569,n03417042,garbage_truck,18,,
570_n03424325_r04.JPEG,570,n03424325,gasmask,4,,
571_n03425413_r16.JPEG,571,n03425413,gas_pump,16,,
572_n03443371_r32.JPEG,572,n03443371,goblet,32,,
573_n03444034_r16.JPEG,573,n03444034,go-kart,16,,
574_n03445777_r30.JPEG,574,n03445777,golf_ball,30,,
575_n03445924_r12.JPEG,575,n03445924,golfcart,12,,
576_n03447447_r05.JPEG,576,n03447447,gondola,5,,
577_n03447721_r35.JPEG,577,n03447721,gong,35,,
578_n03450230_r46.JPEG,578,n03450230,gown,46,,
579_n03452741_r44.JPEG,579,n03452741,grand_piano,44,,
580_n03457902_r01.JPEG,580,n03457902,greenhouse,1,,
581_n03459775_r09.JPEG,581,n03459775,grille,9,,
582_n03461385_r28.JPEG,582,n03461385,grocery_store,28,,
583_n03467068_r01.JPEG,583,n03467068,guillotine,1,,
584_n03476684_r25.JPEG,584,n03476684,hair_slide,25,,
585_n03476991_r02.JPEG,585,n03476991,hair_spray,2,,
586_n03478589_r43.JPEG,586,n03478589,half_track,43,,
587_n03481172_r02.JPEG,587,n03481172,hammer,2,,
588_n03482405_r33.JPEG,588,n03482405,hamper,33,,
589_n03483316_r24.JPEG,589,n03483316,hand_blower,24,,
590_n03485407_r26.JPEG,590,n03485407,hand-held_computer,26,,
591_n03485794_r38.JPEG,591,n03485794,handkerchief,38,,
592_n03492542_r21.JPEG,592,n03492542,hard_disc,21,,
593_n03494278_r17.JPEG,593,n03494278,harmonica,17,,
594_n03495258_r17.JPEG,594,n03495258,harp,17,,
595_n03496892_r20.JPEG,595,n03496892,harvester,20,,
596_n03498962_r14.JPEG,596,n03498962,hatchet,14,,
597_n03527444_r44.JPEG,597,n03527444,holster,44,,
598_n03529860_r33.JPEG,598,n03529860,home_theater,33,,
599_n03530642_r45.JPEG,599,n03530642,honeycomb,45,,
600_n03532672_r11.JPEG,600,n03532672,hook,11,,
601_n03534580_r04.JPEG,601,n03534580,hoopskirt,4,,
602_n03535780_r48.JPEG,602,n03535780,horizontal_bar,48,,
603_n03538406_r12.JPEG,603,n03538406,horse_cart,12,,
604_n03544143_r22.JPEG,604,n03544143,hourglass,22,,
605_n03584254_r49.JPEG,605,n03584254,iPod,49,,
606_n03584829_r39.JPEG,606,n03584829,iron,39,,
607_n03590841_r39.JPEG,607,n03590841,jack-o'-lantern,39,,
608_n03594734_r32.JPEG,608,n03594734,jean,32,,
609_n03594945_r45.JPEG,609,n03594945,jeep,45,,
610_n03595614_r10.JPEG,610,n03595614,jersey,10,,
611_n03598930_r40.JPEG,611,n03598930,jigsaw_puzzle,40,,
612_n03599486_r31.JPEG,612,n03599486,jinrikisha,31,,
613_n03602883_r20.JPEG,613,n03602883,joystick,20,,
614_n03617480_r09.JPEG,614,n03617480,kimono,9,,
615_n03623198_r26.JPEG,615,n03623198,knee_pad,26,,
616_n03627232_r05.JPEG,616,n03627232,knot,5,,
617_n03630383_r35.JPEG,617,n03630383,lab_coat,35,,
618_n03633091_r34.JPEG,618,n03633091,ladle,34,,
619_n03637318_r35.JPEG,619,n03637318,lampshade,35,,
620_n03642806_r00.JPEG,620,n03642806,laptop,0,,
621_n03649909_r28.JPEG,621,n03649909,lawn_mower,28,,
622_n03657121_r46.JPEG,622,n03657121,lens_cap,46,,
623_n03658185_r00.JPEG,623,n03658185,letter_opener,0,,
624_n03661043_r42.JPEG,624,n03661043,library,42,,
625_n03662601_r48.JPEG,625,n03662601,lifeboat,48,,
626_n03666591_r16.JPEG,626,n03666591,lighter,16,,
627_n03670208_r17.JPEG,627,n03670208,limousine,17,,
628_n03673027_r49.JPEG,628,n03673027,liner,49,,
629_n03676483_r02.JPEG,629,n03676483,lipstick,2,,
630_n03680355_r33.JPEG,630,n03680355,Loafer,33,,
631_n03690938_r31.JPEG,631,n03690938,lotion,31,,
632_n03691459_r39.JPEG,632,n03691459,loudspeaker,39,,
633_n03692522_r27.JPEG,633,n03692522,loupe,27,,
634_n03697007_r12.JPEG,634,n03697007,lumbermill,12,,
635_n03706229_r30.JPEG,635,n03706229,magnetic_compass,30,,
636_n03709823_r28.JPEG,636,n03709823,mailbag,28,,
637_n03710193_r39.JPEG,637,n03710193,mailbox,39,,
638_n03710637_r08.JPEG,638,n03710637,maillot,8,,
639_n03710721_r05.JPEG,639,n03710721,maillot,5,,
640_n03717622_r08.JPEG,640,n03717622,manhole_cover,8,,
641_n03720891_r45.JPEG,641,n03720891,maraca,45,,
642_n03721384_r42.JPEG,642,n03721384,marimba,42,,
643_n03724870_r37.JPEG,643,n03724870,mask,37,,
644_n03729826_r06.JPEG,644,n03729826,matchstick,6,,
645_n03733131_r12.JPEG,645,n03733131,maypole,12,,
646_n03733281_r08.JPEG,646,n03733281,maze,8,,
647_n03733805_r28.JPEG,647,n03733805,measuring_cup,28,,
648_n03742115_r07.JPEG,648,n03742115,medicine_chest,7,,
649_n03743016_r45.JPEG,649,n03743016,megalith,45,,
650_n03759954_r21.JPEG,650,n03759954,microphone,21,,
651_n03761084_r21.JPEG,651,n03761084,microwave,21,,
652_n03763968_r18.JPEG,652,n03763968,military_uniform,18,,
653_n03764736_r34.JPEG,653,n03764736,milk_can,34,,
654_n03769881_r45.JPEG,654,n03769881,minibus,45,,
655_n03770439_r36.JPEG,655,n03770439,miniskirt,36,,
656_n03770679_r03.JPEG,656,n03770679,minivan,3,,
657_n03773504_r41.JPEG,657,n03773504,missile,41,,
658_n03775071_r05.JPEG,658,n03775071,mitten,5,,
659_n03775546_r24.JPEG,659,n03775546,mixing_bowl,24,,
660_n03776460_r00.JPEG,660,n03776460,mobile_home,0,,
661_n03777568_r31.JPEG,661,n03777568,Model_T,31,,
662_n03777754_r25.JPEG,662,n03777754,modem,25,,
663_n03781244_r27.JPEG,663,n03781244,monastery,27,,
664_n03782006_r11.JPEG,664,n03782006,monitor,11,,
665_n03785016_r22.JPEG,665,n03785016,moped,22,,
666_n03786901_r05.JPEG,666,n03786901,mortar,5,,
667_n03787032_r10.JPEG,667,n03787032,mortarboard,10,,
668_n03788195_r15.JPEG,668,n03788195,mosque,15,,
669_n03788365_r22.JPEG,669,n03788365,mosquito_net,22,,
670_n03791053_r12.JPEG,670,n03791053,motor_scooter,12,,
671_n03792782_r20.JPEG,671,n03792782,mountain_bike,20,,
672_n03792972_r12.JPEG,672,n03792972,mountain_tent,12,,
673_n03793489_r10.JPEG,673,n03793489,mouse,10,,
674_n03794056_r00.JPEG,674,n03794056,mousetrap,0,,
675_n03796401_r01.JPEG,675,n03796401,moving_van,1,,
676_n03803284_r17.JPEG,676,n03803284,muzzle,17,,
677_n03804744_r25.JPEG,677,n03804744,nail,25,,
678_n03814639_r49.JPEG,678,n03814639,neck_brace,49,,
679_n03814906_r29.JPEG,679,n03814906,necklace,29,,
680_n03825788_r30.JPEG,680,n03825788,nipple,30,,
681_n03832673_r46.JPEG,681,n03832673,notebook,46,,
682_n03837869_r12.JPEG,682,n03837869,obelisk,12,,
683_n03838899_r28.JPEG,683,n03838899,oboe,28,,
684_n03840681_r42.JPEG,684,n03840681,ocarina,42,,
685_n03841143_r19.JPEG,685,n03841143,odometer,19,,
686_n03843555_r13.JPEG,686,n03843555,oil_filter,13,,
687_n03854065_r00.JPEG,687,n03854065,organ,0,,
688_n03857828_r29.JPEG,688,n03857828,oscilloscope,29,,
689_n03866082_r04.JPEG,689,n03866082,overskirt,4,,
690_n03868242_r40.JPEG,690,n03868242,oxcart,40,,
691_n03868863_r12.JPEG,691,n03868863,oxygen_mask,12,,
692_n03871628_r38.JPEG,692,n03871628,packet,38,,
693_n03873416_r21.JPEG,693,n03873416,paddle,21,,
694_n03874293_r30.JPEG,694,n03874293,paddlewheel,30,,
695_n03874599_r08.JPEG,695,n03874599,padlock,8,,
696_n03876231_r33.JPEG,696,n03876231,paintbrush,33,,
697_n03877472_r43.JPEG,697,n03877472,pajama,43,,
698_n03877845_r47.JPEG,698,n03877845,palace,47,,
699_n03884397_r01.JPEG,699,n03884397,panpipe,1,,
700_n03887697_r33.JPEG,700,n03887697,paper_towel,33,,
701_n03888257_r29.JPEG,701,n03888257,parachute,29,,
702_n03888605_r22.JPEG,702,n03888605,parallel_bars,22,,
703_n03891251_r34.JPEG,703,n03891251,park_bench,34,,
704_n03891332_r22.JPEG,704,n03891332,parking_meter,22,,
705_n03895866_r15.JPEG,705,n03895866,passenger_car,15,,
706_n03899768_r13.JPEG,706,n03899768,patio,13,,
707_n03902125_r28.JPEG,707,n03902125,pay-phone,28,,
708_n03903868_r35.JPEG,708,n03903868,pedestal,35,,
709_n03908618_r38.JPEG,709,n03908618,pencil_box,38,,
710_n03908714_r41.JPEG,710,n03908714,pencil_sharpener,41,,
711_n03916031_r39.JPEG,711,n03916031,perfume,39,,
712_n03920288_r11.JPEG,712,n03920288,Petri_dish,11,,
713_n03924679_r08.JPEG,713,n03924679,photocopier,8,,
714_n03929660_r18.JPEG,714,n03929660,pick,18,,
715_n03929855_r36.JPEG,715,n03929855,pickelhaube,36,,
716_n03930313_r20.JPEG,716,n03930313,picket_fence,20,,
717_n03930630_r45.JPEG,717,n03930630,pickup,45,,
718_n03933933_r10.JPEG,718,n03933933,pier,10,,
719_n03935335_r04.JPEG,719,n03935335,piggy_bank,4,,
720_n03937543_r35.JPEG,720,n03937543,pill_bottle,35,,
721_n03938244_r17.JPEG,721,n03938244,pillow,17,,
722_n03942813_r33.JPEG,722,n03942813,ping-pong_ball,33,,
723_n03944341_r43.JPEG,723,n03944341,pinwheel,43,,
724_n03947888_r02.JPEG,724,n03947888,pirate,2,,
725_n03950228_r11.JPEG,725,n03950228,pitcher,11,,
726_n03954731_r38.JPEG,726,n03954731,plane,38,,
727_n03956157_r09.JPEG,727,n03956157,planetarium,9,,
728_n03958227_r47.JPEG,728,n03958227,plastic_bag,47,,
729_n03961711_r45.JPEG,729,n03961711,plate_rack,45,,
730_n03967562_r42.JPEG,730,n03967562,plow,42,,
731_n03970156_r34.JPEG,731,n03970156,plunger,34,,
732_n03976467_r23.JPEG,732,n03976467,Polaroid_camera,23,,
733_n03976657_r18.JPEG,733,n03976657,pole,18,,
734_n03977966_r05.JPEG,734,n03977966,police_van,5,,
735_n03980874_r47.JPEG,735,n03980874,poncho,47,,
736_n03982430_r00.JPEG,736,n03982430,pool_table,0,,
737_n03983396_r41.JPEG,737,n03983396,pop_bottle,41,,
738_n03991062_r31.JPEG,738,n03991062,pot,31,,
739_n03992509_r28.JPEG,739,n03992509,potter's_wheel,28,,
740_n03995372_r37.JPEG,740,n03995372,power_drill,37,,
741_n03998194_r40.JPEG,741,n03998194,prayer_rug,40,,
742_n04004767_r36.JPEG,742,n04004767,printer,36,,
743_n04005630_r29.JPEG,743,n04005630,prison,29,,
744_n04008634_r14.JPEG,744,n04008634,projectile,14,,
745_n04009552_r28.JPEG,745,n04009552,projector,28,,
746_n04019541_r03.JPEG,746,n04019541,puck,3,,
747_n04023962_r14.JPEG,747,n04023962,punching_bag,14,,
748_n04026417_r36.JPEG,748,n04026417,purse,36,,
749_n04033901_r30.JPEG,749,n04033901,quill,30,,
750_n04033995_r14.JPEG,750,n04033995,quilt,14,,
751_n04037443_r00.JPEG,751,n04037443,racer,0,,
752_n04039381_r13.JPEG,752,n04039381,racket,13,,
753_n04040759_r36.JPEG,753,n04040759,radiator,36,,
754_n04041544_r03.JPEG,754,n04041544,radio,3,,
755_n04044716_r40.JPEG,755,n04044716,radio_telescope,40,,
756_n04049303_r39.JPEG,756,n04049303,rain_barrel,39,,
757_n04065272_r09.JPEG,757,n04065272,recreational_vehicle,9,,
758_n04067472_r32.JPEG,758,n04067472,reel,32,,
759_n04069434_r15.JPEG,759,n04069434,reflex_camera,15,,
760_n04070727_r07.JPEG,760,n04070727,refrigerator,7,,
761_n04074963_r11.JPEG,761,n04074963,remote_control,11,,
762_n04081281_r36.JPEG,762,n04081281,restaurant,36,,
763_n04086273_r01.JPEG,763,n04086273,revolver,1,,
764_n04090263_r05.JPEG,764,n04090263,rifle,5,,
765_n04099969_r17.JPEG,765,n04099969,rocking_chair,17,,
766_n04111531_r39.JPEG,766,n04111531,rotisserie,39,,
767_n04116512_r21.JPEG,767,n04116512,rubber_eraser,21,,
768_n04118538_r45.JPEG,768,n04118538,rugby_ball,45,,
769_n04118776_r39.JPEG,769,n04118776,rule,39,,
770_n04120489_r41.JPEG,770,n04120489,running_shoe,41,,
771_n04125021_r40.JPEG,771,n04125021,safe,40,,
772_n04127249_r48.JPEG,772,n04127249,safety_pin,48,,
773_n04131690_r28.JPEG,773,n04131690,saltshaker,28,,
774_n04133789_r30.JPEG,774,n04133789,sandal,30,,
775_n04136333_r11.JPEG,775,n04136333,sarong,11,,
776_n04141076_r43.JPEG,776,n04141076,sax,43,,
777_n04141327_r37.JPEG,777,n04141327,scabbard,37,,
778_n04141975_r07.JPEG,778,n04141975,scale,7,,
779_n04146614_r03.JPEG,779,n04146614,school_bus,3,,
780_n04147183_r30.JPEG,780,n04147183,schooner,30,,
781_n04149813_r38.JPEG,781,n04149813,scoreboard,38,,
782_n04152593_r46.JPEG,782,n04152593,screen,46,,
783_n04153751_r15.JPEG,783,n04153751,screw,15,,
784_n04154565_r11.JPEG,784,n04154565,screwdriver,11,,
785_n04162706_r49.JPEG,785,n04162706,seat_belt,49,,
786_n04179913_r43.JPEG,786,n04179913,sewing_machine,43,,
787_n04192698_r14.JPEG,787,n04192698,shield,14,,
788_n04200800_r47.JPEG,788,n04200800,shoe_shop,47,,
789_n04201297_r15.JPEG,789,n04201297,shoji,15,,
790_n04204238_r48.JPEG,790,n04204238,shopping_basket,48,,
791_n04204347_r43.JPEG,791,n04204347,shopping_cart,43,,
792_n04208210_r31.JPEG,792,n04208210,shovel,31,,
793_n04209133_r13.JPEG,793,n04209133,shower_cap,13,,
794_n04209239_r32.JPEG,794,n04209239,shower_curtain,32,,
795_n04228054_r44.JPEG,795,n04228054,ski,44,,
796_n04229816_r47.JPEG,796,n04229816,ski_mask,47,,
797_n04235860_r01.JPEG,797,n04235860,sleeping_bag,1,,
798_n04238763_r48.JPEG,798,n04238763,slide_rule,48,,
799_n04239074_r48.JPEG,799,n04239074,sliding_door,48,,
800_n04243546_r18.JPEG,800,n04243546,slot,18,,
801_n04251144_r42.JPEG,801,n04251144,snorkel,42,,
802_n04252077_r37.JPEG,802,n04252077,snowmobile,37,,
803_n04252225_r20.JPEG,803,n04252225,snowplow,20,,
804_n04254120_r45.JPEG,804,n04254120,soap_dispenser,45,,
805_n04254680_r41.JPEG,805,n04254680,soccer_ball,41,,
806_n04254777_r09.JPEG,806,n04254777,sock,9,,
807_n04258138_r45.JPEG,807,n04258138,solar_dish,45,,
808_n04259630_r32.JPEG,808,n04259630,sombrero,32,,
809_n04263257_r43.JPEG,809,n04263257,soup_bowl,43,,
810_n04264628_r47.JPEG,810,n04264628,space_bar,47,,
811_n04265275_r09.JPEG,811,n04265275,space_heater,9,,
812_n04266014_r42.JPEG,812,n04266014,space_shuttle,42,,
813_n04270147_r01.JPEG,813,n04270147,spatula,1,,
814_n04273569_r15.JPEG,814,n04273569,speedboat,15,,
815_n04275548_r22.JPEG,815,n04275548,spider_web,22,,
816_n04277352_r30.JPEG,816,n04277352,spindle,30,,
817_n04285008_r48.JPEG,817,n04285008,sports_car,48,,
818_n04286575_r46.JPEG,818,n04286575,spotlight,46,,
819_n04296562_r23.JPEG,819,n04296562,stage,23,,
820_n04310018_r32.JPEG,820,n04310018,steam_locomotive,32,,
821_n04311004_r20.JPEG,821,n04311004,steel_arch_bridge,20,,
822_n04311174_r01.JPEG,822,n04311174,steel_drum,1,,
823_n04317175_r18.JPEG,823,n04317175,stethoscope,18,,
824_n04325704_r06.JPEG,824,n04325704,stole,6,,
825_n04326547_r30.JPEG,825,n04326547,stone_wall,30,,
826_n04328186_r47.JPEG,826,n04328186,stopwatch,47,,
827_n04330267_r43.JPEG,827,n04330267,stove,43,,
828_n04332243_r15.JPEG,828,n04332243,strainer,15,,
829_n04335435_r42.JPEG,829,n04335435,streetcar,42,,
830_n04336792_r00.JPEG,830,n04336792,stretcher,0,,
831_n04344873_r00.JPEG,831,n04344873,studio_couch,0,,
832_n04346328_r39.JPEG,832,n04346328,stupa,39,,
833_n04347754_r19.JPEG,833,n04347754,submarine,19,,
834_n04350905_r14.JPEG,834,n04350905,suit,14,,
835_n04355338_r02.JPEG,835,n04355338,sundial,2,,
836_n04355933_r02.JPEG,836,n04355933,sunglass,2,,
837_n04356056_r17.JPEG,837,n04356056,sunglasses,17,,
838_n04357314_r39.JPEG,838,n04357314,sunscreen,39,,
839_n04366367_r06.JPEG,839,n04366367,suspension_bridge,6,,
840_n04367480_r44.JPEG,840,n04367480,swab,44,,
841_n04370456_r06.JPEG,841,n04370456,sweatshirt,6,,
842_n04371430_r44.JPEG,842,n04371430,swimming_trunks,44,,
843_n04371774_r35.JPEG,843,n04371774,swing,35,,
844_n04372370_r26.JPEG,844,n04372370,switch,26,,
845_n04376876_r14.JPEG,845,n04376876,syringe,14,,
846_n04380533_r46.JPEG,846,n04380533,table_lamp,46,,
847_n04389033_r15.JPEG,847,n04389033,tank,15,,
848_n04392985_r07.JPEG,848,n04392985,tape_player,7,,
849_n04398044_r30.JPEG,849,n04398044,teapot,30,,
850_n04399382_r46.JPEG,850,n04399382,teddy,46,,
851_n04404412_r22.JPEG,851,n04404412,television,22,,
852_n04409515_r31.JPEG,852,n04409515,tennis_ball,31,,
853_n04417672_r10.JPEG,853,n04417672,thatch,10,,
854_n04418357_r40.JPEG,854,n04418357,theater_curtain,40,,
855_n04423845_r07.JPEG,855,n04423845,thimble,7,,
856_n04428191_r34.JPEG,856,n04428191,thresher,34,,
857_n04429376_r02.JPEG,857,n04429376,throne,2,,
858_n04435653_r10.JPEG,858,n04435653,tile_roof,10,,
859_n04442312_r48.JPEG,859,n04442312,toaster,48,,
860_n04443257_r41.JPEG,860,n04443257,tobacco_shop,41,,
861_n04447861_r24.JPEG,861,n04447861,toilet_seat,24,,
862_n04456115_r21.JPEG,862,n04456115,torch,21,,
863_n04458633_r25.JPEG,863,n04458633,totem_pole,25,,
864_n04461696_r23.JPEG,864,n04461696,tow_truck,23,,
865_n04462240_r25.JPEG,865,n04462240,toyshop,25,,
866_n04465501_r25.JPEG,866,n04465501,tractor,25,,
867_n04467665_r36.JPEG,867,n04467665,trailer_truck,36,,
868_n04476259_r23.JPEG,868,n04476259,tray,23,,
869_n04479046_r48.JPEG,869,n04479046,trench_coat,48,,
870_n04482393_r40.JPEG,870,n04482393,tricycle,40,,
871_n04483307_r12.JPEG,871,n04483307,trimaran,12,,
872_n04485082_r49.JPEG,872,n04485082,tripod,49,,
873_n04486054_r00.JPEG,873,n04486054,triumphal_arch,0,,
874_n04487081_r49.JPEG,874,n04487081,trolleybus,49,,
875_n04487394_r26.JPEG,875,n04487394,trombone,26,,
876_n04493381_r16.JPEG,876,n04493381,tub,16,,
877_n04501370_r35.JPEG,877,n04501370,turnstile,35,,
878_n04505470_r17.JPEG,878,n04505470,typewriter_keyboard,17,,
879_n04507155_r21.JPEG,879,n04507155,umbrella,21,,
880_n04509417_r33.JPEG,880,n04509417,unicycle,33,,
881_n04515003_r12.JPEG,881,n04515003,upright,12,,
882_n04517823_r07.JPEG,882,n04517823,vacuum,7,,
883_n04522168_r26.JPEG,883,n04522168,vase,26,,
884_n04523525_r35.JPEG,884,n04523525,vault,35,,
885_n04525038_r37.JPEG,885,n04525038,velvet,37,,
886_n04525305_r09.JPEG,886,n04525305,vending_machine,9,,
887_n04532106_r22.JPEG,887,n04532106,vestment,22,,
888_n04532670_r42.JPEG,888,n04532670,viaduct,42,,
889_n04536866_r48.JPEG,889,n04536866,violin,48,,
890_n04540053_r39.JPEG,890,n04540053,volleyball,39,,
891_n04542943_r29.JPEG,891,n04542943,waffle_iron,29,,
892_n04548280_r12.JPEG,892,n04548280,wall_clock,12,,
893_n04548362_r25.JPEG,893,n04548362,wallet,25,,
894_n04550184_r37.JPEG,894,n04550184,wardrobe,37,,
895_n04552348_r04.JPEG,895,n04552348,warplane,4,,
896_n04553703_r05.JPEG,896,n04553703,washbasin,5,,
897_n04554684_r27.JPEG,897,n04554684,washer,27,,
898_n04557648_r45.JPEG,898,n04557648,water_bottle,45,,
899_n04560804_r04.JPEG,899,n04560804,water_jug,4,,
900_n04562935_r07.JPEG,900,n04562935,water_tower,7,,
901_n04579145_r03.JPEG,901,n04579145,whiskey_jug,3,,
902_n04579432_r12.JPEG,902,n04579432,whistle,12,,
903_n04584207_r40.JPEG,903,n04584207,wig,40,,
904_n04589890_r19.JPEG,904,n04589890,window_screen,19,,
905_n04590129_r43.JPEG,905,n04590129,window_shade,43,,
906_n04591157_r04.JPEG,906,n04591157,Windsor_tie,4,,
907_n04591713_r24.JPEG,907,n04591713,wine_bottle,24,,
908_n04592741_r13.JPEG,908,n04592741,wing,13,,
909_n04596742_r13.JPEG,909,n04596742,wok,13,,
910_n04597913_r10.JPEG,910,n04597913,wooden_spoon,10,,
911_n04599235_r12.JPEG,911,n04599235,wool,12,,
912_n04604644_r42.JPEG,912,n04604644,worm_fence,42,,
913_n04606251_r36.JPEG,913,n04606251,wreck,36,,
914_n04612504_r22.JPEG,914,n04612504,yawl,22,,
915_n04613696_r00.JPEG,915,n04613696,yurt,0,,
916_n06359193_r31.JPEG,916,n06359193,web_site,31,,
917_n06596364_r31.JPEG,917,n06596364,comic_book,31,,
918_n06785654_r15.JPEG,918,n06785654,crossword_puzzle,15,,
919_n06794110_r22.JPEG,919,n06794110,street_sign,22,,
920_n06874185_r15.JPEG,920,n06874185,traffic_light,15,,
921_n07248320_r46.JPEG,921,n07248320,book_jacket,46,,
922_n07565083_r43.JPEG,922,n07565083,menu,43,,
923_n07579787_r37.JPEG,923,n07579787,plate,37,,
924_n07583066_r13.JPEG,924,n07583066,guacamole,13,,
925_n07584110_r18.JPEG,925,n07584110,consomme,18,,
926_n07590611_r18.JPEG,926,n07590611,hot_pot,18,,
927_n07613480_r32.JPEG,927,n07613480,trifle,32,,
928_n07614500_r09.JPEG,928,n07614500,ice_cream,9,,
929_n07615774_r06.JPEG,929,n07615774,ice_lolly,6,,
930_n07684084_r03.JPEG,930,n07684084,French_loaf,3,,
931_n07693725_r03.JPEG,931,n07693725,bagel,3,,
932_n07695742_r43.JPEG,932,n07695742,pretzel,43,,
933_n07697313_r37.JPEG,933,n07697313,cheeseburger,37,,
934_n07697537_r15.JPEG,934,n07697537,hotdog,15,,
935_n07711569_r30.JPEG,935,n07711569,mashed_potato,30,,
936_n07714571_r47.JPEG,936,n07714571,head_cabbage,47,,
937_n07714990_r16.JPEG,937,n07714990,broccoli,16,,
938_n07715103_r21.JPEG,938,n07715103,cauliflower,21,,
939_n07716358_r34.JPEG,939,n07716358,zucchini,34,,
940_n07716906_r08.JPEG,940,n07716906,spaghetti_squash,8,,
941_n07717410_r44.JPEG,941,n07717410,acorn_squash,44,,
942_n07717556_r17.JPEG,942,n07717556,butternut_squash,17,,
943_n07718472_r10.JPEG,943,n07718472,cucumber,10,,
944_n07718747_r00.JPEG,944,n07718747,artichoke,0,,
945_n07720875_r24.JPEG,945,n07720875,bell_pepper,24,,
946_n07730033_r17.JPEG,946,n07730033,cardoon,17,,
947_n07734744_r05.JPEG,947,n07734744,mushroom,5,,
948_n07742313_r26.JPEG,948,n07742313,Granny_Smith,26,,
949_n07745940_r14.JPEG,949,n07745940,strawberry,14,,
950_n07747607_r46.JPEG,950,n07747607,orange,46,,
951_n07749582_r13.JPEG,951,n07749582,lemon,13,,
952_n07753113_r05.JPEG,952,n07753113,fig,5,,
953_n07753275_r27.JPEG,953,n07753275,pineapple,27,,
954_n07753592_r15.JPEG,954,n07753592,banana,15,,
955_n07754684_r41.JPEG,955,n07754684,jackfruit,41,,
956_n07760859_r01.JPEG,956,n07760859,custard_apple,1,,
957_n07768694_r03.JPEG,957,n07768694,pomegranate,3,,
958_n07802026_r20.JPEG,958,n07802026,hay,20,,
959_n07831146_r15.JPEG,959,n07831146,carbonara,15,,
960_n07836838_r49.JPEG,960,n07836838,chocolate_sauce,49,,
961_n07860988_r04.JPEG,961,n07860988,dough,4,,
962_n07871810_r38.JPEG,962,n07871810,meat_loaf,38,,
963_n07873807_r04.JPEG,963,n07873807,pizza,4,,
964_n07875152_r20.JPEG,964,n07875152,potpie,20,,
965_n07880968_r20.JPEG,965,n07880968,burrito,20,,
966_n07892512_r49.JPEG,966,n07892512,red_wine,49,,
967_n07920052_r12.JPEG,967,n07920052,espresso,12,,
968_n07930864_r32.JPEG,968,n07930864,cup,32,,
969_n07932039_r43.JPEG,969,n07932039,eggnog,43,,
970_n09193705_r28.JPEG,970,n09193705,alp,28,,
971_n09229709_r24.JPEG,971,n09229709,bubble,24,,
972_n09246464_r10.JPEG,972,n09246464,cliff,10,,
973_n09256479_r14.JPEG,973,n09256479,coral_reef,14,,
974_n09288635_r33.JPEG,974,n09288635,geyser,33,,
975_n09332890_r25.JPEG,975,n09332890,lakeside,25,,
976_n09399592_r08.JPEG,976,n09399592,promontory,8,,
977_n09421951_r15.JPEG,977,n09421951,sandbar,15,,
978_n09428293_r08.JPEG,978,n09428293,seashore,8,,
979_n09468604_r40.JPEG,979,n09468604,valley,40,,
980_n09472597_r00.JPEG,980,n09472597,volcano,0,,
981_n09835506_r01.JPEG,981,n09835506,ballplayer,1,,
982_n10148035_r32.JPEG,982,n10148035,groom,32,,
983_n10565667_r30.JPEG,983,n10565667,scuba_diver,30,,
984_n11879895_r36.JPEG,984,n11879895,rapeseed,36,,
985_n11939491_r01.JPEG,985,n11939491,daisy,1,,
986_n12057211_r21.JPEG,986,n12057211,yellow_lady's_slipper,21,,
987_n12144580_r20.JPEG,987,n12144580,corn,20,,
988_n12267677_r28.JPEG,988,n12267677,acorn,28,,
989_n12620546_r25.JPEG,989,n12620546,hip,25,,
990_n12768682_r44.JPEG,990,n12768682,buckeye,44,,
991_n12985857_r05.JPEG,991,n12985857,coral_fungus,5,,
992_n12998815_r32.JPEG,992,n12998815,agaric,32,,
993_n13037406_r39.JPEG,993,n13037406,gyromitra,39,,
994_n13040303_r09.JPEG,994,n13040303,stinkhorn,9,,
995_n13044778_r22.JPEG,995,n13044778,earthstar,22,,
996_n13052670_r27.JPEG,996,n13052670,hen-of-the-woods,27,,
997_n13054560_r38.JPEG,997,n13054560,bolete,38,,
998_n13133613_r19.JPEG,998,n13133613,ear,19,,
999_n15075141_r14.JPEG,999,n15075141,toilet_tissue,14,,
