run_id,job_id,task,experiment,problem,problem_key,image_id,model,model_family,framework,state_space,method,method_title,t0,beta,canonical_start_time,native_start_time,native_end_time,native_time_mapping,initialization_kind,initialization_guide_mode,steps,solver,num_mpc_steps,delta,delta_nominal_uniform,delta_min,delta_max,K,lam,n_ctrl,lr,optimizer,warm_start,grad_clip,phi_normalization,control_cost_normalization,delta_t_lambda_scaling,num_pnp_steps,gamma0,alpha,noise_samples,num_opt_steps,num_rhso_steps,mu,hyperparameter_source_lam,hyperparameter_source_n_ctrl,hyperparameter_source_lr,hyperparameter_source_gamma0,hyperparameter_source_alpha,hyperparameter_source_mu,psnr,ssim,lpips,measurement_rmse,missing_rmse,missing_psnr,missing_ssim,observed_rmse,observed_psnr,degraded_psnr,degraded_ssim,degraded_lpips,guide_psnr,runtime,runtime_per_image,reconstruction_steps,network_forwards,model_evaluations,planning_model_evaluations,control_iterations,backprops_through_model,expected_model_evaluations,expected_backprops,objective_evaluations,data_gradient_evaluations,optimizer_iterations,denoiser_samples,expected_objective_evaluations,expected_data_gradients,rhso_terminal_mode,rhso_terminal_planner,rhso_consistency_kind,rhso_stage_diagnostics,rhso_consistency_diagnostics,rhso_jacobian_diagnostics,rhso_jacobian_probes,rhso_jacobian_power_iters,rhso_jacobian_seed,rhso_gradient_authority_diagnostics,measurement_noise_group,diagnostic_model_evaluations,diagnostic_network_forwards,diagnostic_jvps,diagnostic_vjps,diagnostic_seconds,stage_count,stage_delta_first,stage_delta_last,stage_delta_per_step_first,stage_delta_per_step_last,stage_theta_first,stage_theta_last,stage_v_pre_first,stage_v_post_last,endpoint_shift_native_relative_mean,endpoint_shift_pixel_rmse_mean,fidelity_shift_execution_mean,next_stage_recovery_mean,jacobian_sigma_max_first,jacobian_sigma_max_last,jacobian_log_anisotropy_first,jacobian_log_anisotropy_last,gradient_aligned_authority_first,gradient_aligned_authority_last,gradient_aligned_authority_mean,endpoint_fidelity_grad_norm_mean,state_fidelity_grad_norm_mean,gpu_baseline_gib,gpu_peak_gib,gpu_incremental_peak_gib,gpu_memory_source,gpu_process_baseline_gib,gpu_process_peak_gib,gpu_process_incremental_peak_gib,gpu_process_memory_source,batch_size,num_images,padded_items,warmup_seconds,model_load_seconds,seed,replicate,generative_noise_id,measurement_id,guide_id,initial_state_fingerprint,conditioning_label,cfg_scale,status,failure,output_dir,timestamp
theory_fixedB_jit,f403b0ca6a36,box_inpaint_B160_N1,box_inpaint_B160_N1,box_inpaint,prob_4459e49fb12d0091,ALL,jit,standard_flow,torch,pixel,rhso,RHSO,1.0,1.0,0.0,0.0,1.0,flow_ascending,pure_prior_noise,zero_fill,,heun,,,1.0,1.0,1.0,,,,0.01,adam,,,half_mean_squared_per_measurement,,,,,,,160,1,0.0,not_applicable,not_applicable,method,not_applicable,not_applicable,method,18.323108728601316,0.3809435706994952,0.7077898395061493,0.26389122009277344,0.3359596082559525,15.494858589650974,0.2367289125316326,0.2624560885108584,17.639466871787167,26.202188379315444,0.8097573618523863,0.12019882142543793,26.202188379315444,691.8347247559577,6.918347247559577,1,8050,4025,4000,4000,4000,4025,4000,4000,4000,4000,0,4000,4000,direct,direct_clean_endpoint_prediction,terminal_prediction_inconsistency,True,True,False,,,,False,,50,100,0,0,4.4236,1,0.1412888296507299,0.1412888296507299,0.0008830551853170619,0.0008830551853170619,0.763340753757652,0.763340753757652,0.17697970394045115,0.03569087428972125,,,,,,,,,,,,,,0.9437,4.67,3.7264,torch.cuda.max_memory_allocated,,,,unavailable,4,100,0,0.4395,4.69,42,0,seed=42|model=jit|rep=0,2057227c5a3cae31,e9bac13e5da1a8d5,e2a001f391bba8ad,source_imagenet_class,2.4,ok,,/data/xianda/controllable-image-generation/outputs/theory_fixedB_jit/box_inpaint_B160_N1/jit/rhso/t0=1.000__N=1__heun__opt=160__lr=0.01__adam__terminal=direct__diag=sc__f403b0ca,2026-09-14T03:36:52.013870
theory_fixedB_jit,4ccdc1256a15,box_inpaint_B160_N16,box_inpaint_B160_N16,box_inpaint,prob_4459e49fb12d0091,ALL,jit,standard_flow,torch,pixel,rhso,RHSO,1.0,1.0,0.0,0.0,1.0,flow_ascending,pure_prior_noise,zero_fill,,heun,,,0.0625,0.0625,0.0625,,,,0.01,adam,,,half_mean_squared_per_measurement,,,,,,,10,16,0.0,not_applicable,not_applicable,method,not_applicable,not_applicable,method,28.444183782391974,0.8570372584706473,0.1123591778613627,0.09587680548429489,0.36352135817570996,14.810001267405578,0.23414650910452944,0.0866526126632864,27.26496668003797,26.202188379315444,0.8097573618523863,0.12019882142543793,26.202188379315444,739.7965117283165,7.3979651172831655,16,9550,4775,4000,4000,4000,4775,4000,4000,4000,4000,0,4000,4000,direct,direct_clean_endpoint_prediction,terminal_prediction_inconsistency,True,True,False,,,,False,,800,1600,0,0,68.5281,16,0.08294015182182193,0.0021699145599268378,0.008294015182182193,0.00021699145599268378,0.4047028857844001,0.17494291051187869,0.17697970394045115,0.0047297004063148055,0.11660322818514954,0.05783559377373434,0.0056169162148920196,0.011570906329046313,,,,,,,,,,0.9437,4.6698,3.7261,torch.cuda.max_memory_allocated,,,,unavailable,4,100,0,8.8062,4.69,42,0,seed=42|model=jit|rep=0,2057227c5a3cae31,e9bac13e5da1a8d5,e2a001f391bba8ad,source_imagenet_class,2.4,ok,,/data/xianda/controllable-image-generation/outputs/theory_fixedB_jit/box_inpaint_B160_N16/jit/rhso/t0=1.000__N=16__heun__opt=10__lr=0.01__adam__terminal=direct__diag=sc__4ccdc125,2026-09-14T03:50:35.254700
theory_fixedB_jit,a12a1a5b86f3,box_inpaint_B160_N2,box_inpaint_B160_N2,box_inpaint,prob_4459e49fb12d0091,ALL,jit,standard_flow,torch,pixel,rhso,RHSO,1.0,1.0,0.0,0.0,1.0,flow_ascending,pure_prior_noise,zero_fill,,heun,,,0.5,0.5,0.5,,,,0.01,adam,,,half_mean_squared_per_measurement,,,,,,,80,2,0.0,not_applicable,not_applicable,method,not_applicable,not_applicable,method,26.30200290994925,0.7675828263095869,0.2522957339882851,0.11324961483478546,0.3238298679199167,15.814261859114982,0.2918510801356568,0.10350951706023785,25.720994266845434,26.202188379315444,0.8097573618523863,0.12019882142543793,26.202188379315444,704.3677677288651,7.043677677288652,2,8150,4075,4000,4000,4000,4075,4000,4000,4000,4000,0,4000,4000,direct,direct_clean_endpoint_prediction,terminal_prediction_inconsistency,True,True,False,,,,False,,100,200,0,0,8.439,2,0.1323663496831432,0.04100401299539953,0.00165457937103929,0.0005125501624424942,0.7079866288404734,0.8616284543657291,0.17697970394045115,0.0065777980955317615,0.23322127825340974,0.10510399610143148,0.0029684568336233496,0.04100401299539953,,,,,,,,,,0.9437,4.6698,3.7261,torch.cuda.max_memory_allocated,,,,unavailable,4,100,0,0.9963,4.69,42,0,seed=42|model=jit|rep=0,2057227c5a3cae31,e9bac13e5da1a8d5,e2a001f391bba8ad,source_imagenet_class,2.4,ok,,/data/xianda/controllable-image-generation/outputs/theory_fixedB_jit/box_inpaint_B160_N2/jit/rhso/t0=1.000__N=2__heun__opt=80__lr=0.01__adam__terminal=direct__diag=sc__a12a1a5b,2026-09-14T04:02:35.167671
theory_fixedB_jit,4225d48230f6,box_inpaint_B160_N32,box_inpaint_B160_N32,box_inpaint,prob_4459e49fb12d0091,ALL,jit,standard_flow,torch,pixel,rhso,RHSO,1.0,1.0,0.0,0.0,1.0,flow_ascending,pure_prior_noise,zero_fill,,heun,,,0.03125,0.03125,0.03125,,,,0.01,adam,,,half_mean_squared_per_measurement,,,,,,,5,32,0.0,not_applicable,not_applicable,method,not_applicable,not_applicable,method,28.60626194661782,0.8520475675924069,0.13138389233499764,0.09525387734174728,0.3583204392119995,14.935168277793764,0.2433811327363927,0.08678350808930188,27.25185587664324,26.202188379315444,0.8097573618523863,0.12019882142543793,26.202188379315444,793.7247871235013,7.937247871235013,32,11150,5575,4000,4000,4000,5575,4000,4000,4000,4000,0,4000,4000,direct,direct_clean_endpoint_prediction,terminal_prediction_inconsistency,True,True,False,,,,False,,1600,3200,0,0,136.4774,32,0.05736648410558701,0.0010012342664413153,0.0114732968211174,0.0002002468532882631,0.2370778093379959,0.07454028549159177,0.17697970394045115,0.004380969261983409,0.07432099070251628,0.03372137924716193,0.00289493523248952,0.006612104605808253,,,,,,,,,,0.9437,4.6698,3.7261,torch.cuda.max_memory_allocated,,,,unavailable,4,100,0,15.0117,4.69,42,0,seed=42|model=jit|rep=0,2057227c5a3cae31,e9bac13e5da1a8d5,e2a001f391bba8ad,source_imagenet_class,2.4,ok,,/data/xianda/controllable-image-generation/outputs/theory_fixedB_jit/box_inpaint_B160_N32/jit/rhso/t0=1.000__N=32__heun__opt=5__lr=0.01__adam__terminal=direct__diag=sc__4225d482,2026-09-14T04:18:26.324477
theory_fixedB_jit,4fbfd91cdd51,box_inpaint_B160_N4,box_inpaint_B160_N4,box_inpaint,prob_4459e49fb12d0091,ALL,jit,standard_flow,torch,pixel,rhso,RHSO,1.0,1.0,0.0,0.0,1.0,flow_ascending,pure_prior_noise,zero_fill,,heun,,,0.25,0.25,0.25,,,,0.01,adam,,,half_mean_squared_per_measurement,,,,,,,40,4,0.0,not_applicable,not_applicable,method,not_applicable,not_applicable,method,29.317440793993182,0.8984390550098634,0.07072536217048764,0.07442206144332886,0.3438495085209402,15.293231754829815,0.28399005371358865,0.0590857989164405,30.590937670724333,26.202188379315444,0.8097573618523863,0.12019882142543793,26.202188379315444,698.6350094471127,6.986350094471127,4,8350,4175,4000,4000,4000,4175,4000,4000,4000,4000,0,4000,4000,direct,direct_clean_endpoint_prediction,terminal_prediction_inconsistency,True,True,False,,,,False,,200,400,0,0,16.7944,4,0.12110477842390538,0.005026263293111697,0.0030276194605976343,0.00012565658232779244,0.6401884594891695,0.5892739371878897,0.17697970394045115,0.0028439206106122585,0.20062160726436665,0.0906877576060756,0.0048209861957002435,0.022497987831011413,,,,,,,,,,0.9437,4.6698,3.7261,torch.cuda.max_memory_allocated,,,,unavailable,4,100,0,1.8934,4.69,42,0,seed=42|model=jit|rep=0,2057227c5a3cae31,e9bac13e5da1a8d5,e2a001f391bba8ad,source_imagenet_class,2.4,ok,,/data/xianda/controllable-image-generation/outputs/theory_fixedB_jit/box_inpaint_B160_N4/jit/rhso/t0=1.000__N=4__heun__opt=40__lr=0.01__adam__terminal=direct__diag=sc__4fbfd91c,2026-09-14T04:30:29.611507
theory_fixedB_jit,5725bf5f5505,box_inpaint_B160_N8,box_inpaint_B160_N8,box_inpaint,prob_4459e49fb12d0091,ALL,jit,standard_flow,torch,pixel,rhso,RHSO,1.0,1.0,0.0,0.0,1.0,flow_ascending,pure_prior_noise,zero_fill,,heun,,,0.125,0.125,0.125,,,,0.01,adam,,,half_mean_squared_per_measurement,,,,,,,20,8,0.0,not_applicable,not_applicable,method,not_applicable,not_applicable,method,28.887203400791055,0.8863007163392801,0.07357493922114372,0.08499196916818619,0.36328149932948334,14.81573428708529,0.24506828012099063,0.07355102373118468,28.68882547528252,26.202188379315444,0.8097573618523863,0.12019882142543793,26.202188379315444,691.8640593802556,6.918640593802556,8,8750,4375,4000,4000,4000,4375,4000,4000,4000,4000,0,4000,4000,direct,direct_clean_endpoint_prediction,terminal_prediction_inconsistency,True,True,False,,,,False,,400,800,0,0,33.0743,8,0.10492424188181758,0.0030313091923017056,0.005246212094090878,0.00015156545961508527,0.5413099906470797,0.3193174333169517,0.17697970394045115,0.0037111043301410974,0.1611591542227325,0.07735016043832701,0.00669048170093447,0.016453961376433394,,,,,,,,,,0.9437,4.6698,3.7261,torch.cuda.max_memory_allocated,,,,unavailable,4,100,0,3.7938,4.69,42,0,seed=42|model=jit|rep=0,2057227c5a3cae31,e9bac13e5da1a8d5,e2a001f391bba8ad,source_imagenet_class,2.4,ok,,/data/xianda/controllable-image-generation/outputs/theory_fixedB_jit/box_inpaint_B160_N8/jit/rhso/t0=1.000__N=8__heun__opt=20__lr=0.01__adam__terminal=direct__diag=sc__5725bf5f,2026-09-14T04:42:44.304628
theory_fixedB_jit,b935efaccba6,deblur_B160_N1,deblur_B160_N1,deblur,prob_c2be85f48d232774,ALL,jit,standard_flow,torch,pixel,rhso,RHSO,1.0,1.0,0.0,0.0,1.0,flow_ascending,pure_prior_noise,observed,,heun,,,1.0,1.0,1.0,,,,0.01,adam,,,half_mean_squared_per_measurement,,,,,,,160,1,0.0,not_applicable,not_applicable,method,not_applicable,not_applicable,method,18.372127914878817,0.38153786768537806,0.7070633196830749,0.2318485528230667,,,,,,25.905274122170724,0.7119675892057821,0.2729102413356304,25.905274122170724,677.9072041865438,6.779072041865438,1,8050,4025,4000,4000,4000,4025,4000,4000,4000,4000,0,4000,4000,direct,direct_clean_endpoint_prediction,terminal_prediction_inconsistency,True,True,False,,,,False,,50,100,0,0,4.156,1,0.14001474411692472,0.14001474411692472,0.0008750921507307795,0.0008750921507307795,0.8052663593717257,0.8052663593717257,0.16689191196113826,0.026877167844213547,,,,,,,,,,,,,,0.9427,4.668,3.7253,torch.cuda.max_memory_allocated,,,,unavailable,4,100,0,0.5222,4.69,42,0,seed=42|model=jit|rep=0,f94f831212115ea6,7a0d621a496f7a97,e2a001f391bba8ad,source_imagenet_class,2.4,ok,,/data/xianda/controllable-image-generation/outputs/theory_fixedB_jit/deblur_B160_N1/jit/rhso/t0=1.000__N=1__heun__opt=160__lr=0.01__adam__terminal=direct__diag=sc__b935efac,2026-09-14T04:54:12.929298
theory_fixedB_jit,cbe51298f258,deblur_B160_N16,deblur_B160_N16,deblur,prob_c2be85f48d232774,ALL,jit,standard_flow,torch,pixel,rhso,RHSO,1.0,1.0,0.0,0.0,1.0,flow_ascending,pure_prior_noise,observed,,heun,,,0.0625,0.0625,0.0625,,,,0.01,adam,,,half_mean_squared_per_measurement,,,,,,,10,16,0.0,not_applicable,not_applicable,method,not_applicable,not_applicable,method,28.134537321014022,0.7735846896141423,0.20506847139447928,0.07601399719715118,,,,,,25.905274122170724,0.7119675892057821,0.2729102413356304,25.905274122170724,727.1936440430582,7.271936440430582,16,9550,4775,4000,4000,4000,4775,4000,4000,4000,4000,0,4000,4000,direct,direct_clean_endpoint_prediction,terminal_prediction_inconsistency,True,True,False,,,,False,,800,1600,0,0,67.3496,16,0.08289230758324266,0.002218232977902517,0.008289230758324266,0.00022182329779025172,0.4226015094805814,0.17254029366904652,0.16689191196113826,0.002898134238785133,0.1203932432411986,0.06016870077887521,0.005685866193923478,0.011092630869864176,,,,,,,,,,0.9427,4.668,3.7253,torch.cuda.max_memory_allocated,,,,unavailable,4,100,0,7.314,4.69,42,0,seed=42|model=jit|rep=0,f94f831212115ea6,7a0d621a496f7a97,e2a001f391bba8ad,source_imagenet_class,2.4,ok,,/data/xianda/controllable-image-generation/outputs/theory_fixedB_jit/deblur_B160_N16/jit/rhso/t0=1.000__N=16__heun__opt=10__lr=0.01__adam__terminal=direct__diag=sc__cbe51298,2026-09-14T05:07:40.751446
theory_fixedB_jit,00c683ec550c,deblur_B160_N2,deblur_B160_N2,deblur,prob_c2be85f48d232774,ALL,jit,standard_flow,torch,pixel,rhso,RHSO,1.0,1.0,0.0,0.0,1.0,flow_ascending,pure_prior_noise,observed,,heun,,,0.5,0.5,0.5,,,,0.01,adam,,,half_mean_squared_per_measurement,,,,,,,80,2,0.0,not_applicable,not_applicable,method,not_applicable,not_applicable,method,26.234297255630384,0.7331798610917537,0.30981627173721793,0.08020854741334915,,,,,,25.905274122170724,0.7119675892057821,0.2729102413356304,25.905274122170724,680.8886729935184,6.8088867299351845,2,8150,4075,4000,4000,4000,4075,4000,4000,4000,4000,0,4000,4000,direct,direct_clean_endpoint_prediction,terminal_prediction_inconsistency,True,True,False,,,,False,,100,200,0,0,8.2252,2,0.131315106600523,0.03520284444792196,0.0016414388325065373,0.0004400355555990245,0.7465119325924006,0.9146526306073158,0.16689191196113826,0.0032194612990133465,0.23419392016935245,0.10532955024599094,0.0028455003863200544,0.03520284444792196,,,,,,,,,,0.9427,4.668,3.7253,torch.cuda.max_memory_allocated,,,,unavailable,4,100,0,0.9321,4.69,42,0,seed=42|model=jit|rep=0,f94f831212115ea6,7a0d621a496f7a97,e2a001f391bba8ad,source_imagenet_class,2.4,ok,,/data/xianda/controllable-image-generation/outputs/theory_fixedB_jit/deblur_B160_N2/jit/rhso/t0=1.000__N=2__heun__opt=80__lr=0.01__adam__terminal=direct__diag=sc__00c683ec,2026-09-14T05:19:16.670274
theory_fixedB_jit,330e4fdb4040,deblur_B160_N32,deblur_B160_N32,deblur,prob_c2be85f48d232774,ALL,jit,standard_flow,torch,pixel,rhso,RHSO,1.0,1.0,0.0,0.0,1.0,flow_ascending,pure_prior_noise,observed,,heun,,,0.03125,0.03125,0.03125,,,,0.01,adam,,,half_mean_squared_per_measurement,,,,,,,5,32,0.0,not_applicable,not_applicable,method,not_applicable,not_applicable,method,28.14401045352932,0.7784053291739335,0.20733795955777168,0.08207976073026657,,,,,,25.905274122170724,0.7119675892057821,0.2729102413356304,25.905274122170724,780.9947674041614,7.809947674041614,32,11150,5575,4000,4000,4000,5575,4000,4000,4000,4000,0,4000,4000,direct,direct_clean_endpoint_prediction,terminal_prediction_inconsistency,True,True,False,,,,False,,1600,3200,0,0,132.9852,32,0.05665759136900306,0.001064258940750733,0.01133151827380061,0.00021285178815014659,0.2409949273749169,0.07238155103627264,0.16689191196113826,0.003116204203106463,0.07594042989173362,0.035009697337686864,0.002982660962884585,0.006438084072208092,,,,,,,,,,0.9427,4.668,3.7253,torch.cuda.max_memory_allocated,,,,unavailable,4,100,0,14.7886,4.69,42,0,seed=42|model=jit|rep=0,f94f831212115ea6,7a0d621a496f7a97,e2a001f391bba8ad,source_imagenet_class,2.4,ok,,/data/xianda/controllable-image-generation/outputs/theory_fixedB_jit/deblur_B160_N32/jit/rhso/t0=1.000__N=32__heun__opt=5__lr=0.01__adam__terminal=direct__diag=sc__330e4fdb,2026-09-14T05:34:51.332152
theory_fixedB_jit,0c12ba0fb551,deblur_B160_N4,deblur_B160_N4,deblur,prob_c2be85f48d232774,ALL,jit,standard_flow,torch,pixel,rhso,RHSO,1.0,1.0,0.0,0.0,1.0,flow_ascending,pure_prior_noise,observed,,heun,,,0.25,0.25,0.25,,,,0.01,adam,,,half_mean_squared_per_measurement,,,,,,,40,4,0.0,not_applicable,not_applicable,method,not_applicable,not_applicable,method,29.293010580545214,0.8513263882357092,0.15949365325272083,0.05605345219373703,,,,,,25.905274122170724,0.7119675892057821,0.2729102413356304,25.905274122170724,710.6371864415705,7.1063718644157055,4,8350,4175,4000,4000,4000,4175,4000,4000,4000,4000,0,4000,4000,direct,direct_clean_endpoint_prediction,terminal_prediction_inconsistency,True,True,False,,,,False,,200,400,0,0,17.332,4,0.12015917956829071,0.00234983287518844,0.0030039794892072684,5.874582187971102e-05,0.6737079927514745,0.5016997743742314,0.16689191196113826,0.0015728419600054622,0.2011256310783965,0.09084145492692945,0.0044391276400225855,0.019492424450969943,,,,,,,,,,0.9427,4.668,3.7253,torch.cuda.max_memory_allocated,,,,unavailable,4,100,0,1.8358,4.69,42,0,seed=42|model=jit|rep=0,f94f831212115ea6,7a0d621a496f7a97,e2a001f391bba8ad,source_imagenet_class,2.4,ok,,/data/xianda/controllable-image-generation/outputs/theory_fixedB_jit/deblur_B160_N4/jit/rhso/t0=1.000__N=4__heun__opt=40__lr=0.01__adam__terminal=direct__diag=sc__0c12ba0f,2026-09-14T05:47:07.714897
theory_fixedB_jit,852f3ca910f5,deblur_B160_N8,deblur_B160_N8,deblur,prob_c2be85f48d232774,ALL,jit,standard_flow,torch,pixel,rhso,RHSO,1.0,1.0,0.0,0.0,1.0,flow_ascending,pure_prior_noise,observed,,heun,,,0.125,0.125,0.125,,,,0.01,adam,,,half_mean_squared_per_measurement,,,,,,,20,8,0.0,not_applicable,not_applicable,method,not_applicable,not_applicable,method,28.897342671989623,0.8168094294562303,0.16245877489447594,0.06796329468488693,,,,,,25.905274122170724,0.7119675892057821,0.2729102413356304,25.905274122170724,697.4347273586318,6.974347273586318,8,8750,4375,4000,4000,4000,4375,4000,4000,4000,4000,0,4000,4000,direct,direct_clean_endpoint_prediction,terminal_prediction_inconsistency,True,True,False,,,,False,,400,800,0,0,33.3995,8,0.10380834029987454,0.002681174831232056,0.005190417014993726,0.00013405874156160278,0.5679149547778907,0.2590824847338031,0.16689191196113826,0.0023188141360878946,0.16319578881183472,0.07876030125141464,0.00650942648162267,0.015190106128076357,,,,,,,,,,0.9427,4.668,3.7253,torch.cuda.max_memory_allocated,,,,unavailable,4,100,0,3.7276,4.69,42,0,seed=42|model=jit|rep=0,f94f831212115ea6,7a0d621a496f7a97,e2a001f391bba8ad,source_imagenet_class,2.4,ok,,/data/xianda/controllable-image-generation/outputs/theory_fixedB_jit/deblur_B160_N8/jit/rhso/t0=1.000__N=8__heun__opt=20__lr=0.01__adam__terminal=direct__diag=sc__852f3ca9,2026-09-14T05:59:30.579603
theory_fixedB_jit,3f85f87eda5a,denoising_B160_N1,denoising_B160_N1,denoising,prob_114badd1eeb1e559,ALL,jit,standard_flow,torch,pixel,rhso,RHSO,1.0,1.0,0.0,0.0,1.0,flow_ascending,pure_prior_noise,identity,,heun,,,1.0,1.0,1.0,,,,0.005,adam,,,half_mean_squared_per_measurement,,,,,,,160,1,0.2,not_applicable,not_applicable,method,not_applicable,not_applicable,method,18.045796068904792,0.37666431663721894,0.7283210572600365,0.33692267537117004,,,,,,20.506989590911616,0.3925809256007184,0.48565553084015844,20.506989590911616,654.0794886574149,6.540794886574149,1,8050,4025,4000,4000,4000,4025,4000,4000,4000,4000,0,4000,4000,direct,direct_clean_endpoint_prediction,terminal_prediction_inconsistency,True,True,False,,,,False,,50,100,0,0,4.0941,1,0.13832180619239806,0.13832180619239806,0.000864511288702488,0.000864511288702488,0.6621150137668461,0.6621150137668461,0.1950803627818823,0.05675855658948421,,,,,,,,,,,,,,0.9427,4.6714,3.7288,torch.cuda.max_memory_allocated,,,,unavailable,4,100,0,0.4701,4.69,42,0,seed=42|model=jit|rep=0,4f1ef324498b78cc,8641c1f2d7a21390,e2a001f391bba8ad,source_imagenet_class,2.4,ok,,/data/xianda/controllable-image-generation/outputs/theory_fixedB_jit/denoising_B160_N1/jit/rhso/t0=1.000__N=1__heun__opt=160__lr=0.005__adam__mu=0.2__terminal=direct__diag=sc__3f85f87e,2026-09-14T06:10:34.778337
theory_fixedB_jit,a0c8a9786924,denoising_B160_N16,denoising_B160_N16,denoising,prob_114badd1eeb1e559,ALL,jit,standard_flow,torch,pixel,rhso,RHSO,1.0,1.0,0.0,0.0,1.0,flow_ascending,pure_prior_noise,identity,,heun,,,0.0625,0.0625,0.0625,,,,0.005,adam,,,half_mean_squared_per_measurement,,,,,,,10,16,0.2,not_applicable,not_applicable,method,not_applicable,not_applicable,method,27.344402507661663,0.7461034744703727,0.22785857606679202,0.20258668065071106,,,,,,20.506989590911616,0.3925809256007184,0.48565553084015844,20.506989590911616,718.0266231764108,7.180266231764108,16,9550,4775,4000,4000,4000,4775,4000,4000,4000,4000,0,4000,4000,direct,direct_clean_endpoint_prediction,terminal_prediction_inconsistency,True,True,False,,,,False,,800,1600,0,0,66.7511,16,0.08974544633179903,0.0019008171185851098,0.008974544633179904,0.00019008171185851095,0.41395032151588573,0.07948396762390524,0.1950803627818823,0.0205135403573513,0.10442102137040118,0.04435733203435366,0.0033107592972616354,0.008965517703443766,,,,,,,,,,0.9427,4.6721,3.7294,torch.cuda.max_memory_allocated,,,,unavailable,4,100,0,8.5458,4.69,42,0,seed=42|model=jit|rep=0,4f1ef324498b78cc,8641c1f2d7a21390,e2a001f391bba8ad,source_imagenet_class,2.4,ok,,/data/xianda/controllable-image-generation/outputs/theory_fixedB_jit/denoising_B160_N16/jit/rhso/t0=1.000__N=16__heun__opt=10__lr=0.005__adam__mu=0.2__terminal=direct__diag=sc__a0c8a978,2026-09-14T06:23:53.617799
theory_fixedB_jit,6ea20bdf4101,denoising_B160_N2,denoising_B160_N2,denoising,prob_114badd1eeb1e559,ALL,jit,standard_flow,torch,pixel,rhso,RHSO,1.0,1.0,0.0,0.0,1.0,flow_ascending,pure_prior_noise,identity,,heun,,,0.5,0.5,0.5,,,,0.005,adam,,,half_mean_squared_per_measurement,,,,,,,80,2,0.2,not_applicable,not_applicable,method,not_applicable,not_applicable,method,24.548176009837892,0.6652052308201071,0.3436922702938318,0.24186910688877106,,,,,,20.506989590911616,0.3925809256007184,0.48565553084015844,20.506989590911616,674.7692409455776,6.747692409455777,2,8150,4075,4000,4000,4000,4075,4000,4000,4000,4000,0,4000,4000,direct,direct_clean_endpoint_prediction,terminal_prediction_inconsistency,True,True,False,,,,False,,100,200,0,0,8.1841,2,0.12916382327675818,0.03705876141786575,0.0016145477909594774,0.000463234517723322,0.6134153575610801,0.5306680479358483,0.1950803627818823,0.02925531690940261,0.20304619191763051,0.08653975900175759,0.00039753882214426994,0.03705876141786575,,,,,,,,,,0.9427,4.6721,3.7294,torch.cuda.max_memory_allocated,,,,unavailable,4,100,0,0.9738,4.69,42,0,seed=42|model=jit|rep=0,4f1ef324498b78cc,8641c1f2d7a21390,e2a001f391bba8ad,source_imagenet_class,2.4,ok,,/data/xianda/controllable-image-generation/outputs/theory_fixedB_jit/denoising_B160_N2/jit/rhso/t0=1.000__N=2__heun__opt=80__lr=0.005__adam__mu=0.2__terminal=direct__diag=sc__6ea20bdf,2026-09-14T06:35:23.243412
theory_fixedB_jit,18a1758ec15e,denoising_B160_N32,denoising_B160_N32,denoising,prob_114badd1eeb1e559,ALL,jit,standard_flow,torch,pixel,rhso,RHSO,1.0,1.0,0.0,0.0,1.0,flow_ascending,pure_prior_noise,identity,,heun,,,0.03125,0.03125,0.03125,,,,0.005,adam,,,half_mean_squared_per_measurement,,,,,,,5,32,0.2,not_applicable,not_applicable,method,not_applicable,not_applicable,method,27.346315804137166,0.7303868009733806,0.24746592015028,0.19958439469337463,,,,,,20.506989590911616,0.3925809256007184,0.48565553084015844,20.506989590911616,770.8667363226414,7.7086673632264135,32,11150,5575,4000,4000,4000,5575,4000,4000,4000,4000,0,4000,4000,direct,direct_clean_endpoint_prediction,terminal_prediction_inconsistency,True,True,False,,,,False,,1600,3200,0,0,131.5989,32,0.07388367798179388,0.0007905061729252339,0.014776735596358774,0.00015810123458504676,0.3326340433242017,0.037190305699738274,0.1950803627818823,0.01978738568723202,0.06751024702118096,0.028090818643719123,0.0019359212488897384,0.0052071889622076865,,,,,,,,,,0.9427,4.6714,3.7288,torch.cuda.max_memory_allocated,,,,unavailable,4,100,0,14.9702,4.69,42,0,seed=42|model=jit|rep=0,4f1ef324498b78cc,8641c1f2d7a21390,e2a001f391bba8ad,source_imagenet_class,2.4,ok,,/data/xianda/controllable-image-generation/outputs/theory_fixedB_jit/denoising_B160_N32/jit/rhso/t0=1.000__N=32__heun__opt=5__lr=0.005__adam__mu=0.2__terminal=direct__diag=sc__18a1758e,2026-09-14T06:50:46.796093
theory_fixedB_jit,0c56b02717a6,denoising_B160_N4,denoising_B160_N4,denoising,prob_114badd1eeb1e559,ALL,jit,standard_flow,torch,pixel,rhso,RHSO,1.0,1.0,0.0,0.0,1.0,flow_ascending,pure_prior_noise,identity,,heun,,,0.25,0.25,0.25,,,,0.005,adam,,,half_mean_squared_per_measurement,,,,,,,40,4,0.2,not_applicable,not_applicable,method,not_applicable,not_applicable,method,27.736083006500607,0.7993573763007998,0.1703274681419134,0.21671700477600098,,,,,,20.506989590911616,0.3925809256007184,0.48565553084015844,20.506989590911616,693.1759613128379,6.931759613128379,4,8350,4175,4000,4000,4000,4175,4000,4000,4000,4000,0,4000,4000,direct,direct_clean_endpoint_prediction,terminal_prediction_inconsistency,True,True,False,,,,False,,200,400,0,0,17.0347,4,0.11849716417491436,0.0069375899061560635,0.002962429104372859,0.0001734397476539016,0.5586795784756,0.20884440829901207,0.1950803627818823,0.023484443854540585,0.1771029147922501,0.07618619680807738,0.0029742503476639587,0.020673835265139738,,,,,,,,,,0.9427,4.6721,3.7294,torch.cuda.max_memory_allocated,,,,unavailable,4,100,0,1.8213,4.69,42,0,seed=42|model=jit|rep=0,4f1ef324498b78cc,8641c1f2d7a21390,e2a001f391bba8ad,source_imagenet_class,2.4,ok,,/data/xianda/controllable-image-generation/outputs/theory_fixedB_jit/denoising_B160_N4/jit/rhso/t0=1.000__N=4__heun__opt=40__lr=0.005__adam__mu=0.2__terminal=direct__diag=sc__0c56b027,2026-09-14T07:02:44.571223
theory_fixedB_jit,8af6b2c668e2,denoising_B160_N8,denoising_B160_N8,denoising,prob_114badd1eeb1e559,ALL,jit,standard_flow,torch,pixel,rhso,RHSO,1.0,1.0,0.0,0.0,1.0,flow_ascending,pure_prior_noise,identity,,heun,,,0.125,0.125,0.125,,,,0.005,adam,,,half_mean_squared_per_measurement,,,,,,,20,8,0.2,not_applicable,not_applicable,method,not_applicable,not_applicable,method,27.402814379416554,0.7560992303596314,0.19945766545832158,0.20796571671962738,,,,,,20.506989590911616,0.3925809256007184,0.48565553084015844,20.506989590911616,692.6844656150788,6.926844656150788,8,8750,4375,4000,4000,4000,4375,4000,4000,4000,4000,0,4000,4000,direct,direct_clean_endpoint_prediction,terminal_prediction_inconsistency,True,True,False,,,,False,,400,800,0,0,33.3542,8,0.10511969070881605,0.004001877512782812,0.005255984535440802,0.00020009387563914058,0.4896739194057575,0.14139344481059324,0.1950803627818823,0.02162341684103012,0.14790301906683395,0.06288153018883849,0.004195035943495376,0.013957500976643392,,,,,,,,,,0.9427,4.6721,3.7294,torch.cuda.max_memory_allocated,,,,unavailable,4,100,0,3.7285,4.69,42,0,seed=42|model=jit|rep=0,4f1ef324498b78cc,8641c1f2d7a21390,e2a001f391bba8ad,source_imagenet_class,2.4,ok,,/data/xianda/controllable-image-generation/outputs/theory_fixedB_jit/denoising_B160_N8/jit/rhso/t0=1.000__N=8__heun__opt=20__lr=0.005__adam__mu=0.2__terminal=direct__diag=sc__8af6b2c6,2026-09-14T07:15:01.284442
theory_fixedB_jit,4ceaf8f899a3,random_inpaint_B160_N1,random_inpaint_B160_N1,random_inpaint,prob_afb9ac8da51f5e92,ALL,jit,standard_flow,torch,pixel,rhso,RHSO,1.0,1.0,0.0,0.0,1.0,flow_ascending,pure_prior_noise,zero_fill,,heun,,,1.0,1.0,1.0,,,,0.01,adam,,,half_mean_squared_per_measurement,,,,,,,160,1,0.0,not_applicable,not_applicable,method,not_applicable,not_applicable,method,18.391295561700773,0.38260787183552447,0.7057980927824974,0.14396996796131134,0.26323780516630396,17.613634691943425,,0.2625926427197256,17.634948834721172,12.306960857995277,0.13723581832729997,1.0437872564792634,12.306960857995277,660.7542203310877,6.607542203310877,1,8050,4025,4000,4000,4000,4025,4000,4000,4000,4000,0,4000,4000,direct,direct_clean_endpoint_prediction,terminal_prediction_inconsistency,True,True,False,,,,False,,50,100,0,0,4.1744,1,0.14067764412611722,0.14067764412611722,0.000879235275788233,0.000879235275788233,0.7691204611653276,0.7691204611653276,0.17520130075514317,0.034523656629025935,,,,,,,,,,,,,,0.9437,4.6698,3.7261,torch.cuda.max_memory_allocated,,,,unavailable,4,100,0,0.4676,4.69,42,0,seed=42|model=jit|rep=0,968d817c8f6b9bd7,96e8e7581ea3e227,e2a001f391bba8ad,source_imagenet_class,2.4,ok,,/data/xianda/controllable-image-generation/outputs/theory_fixedB_jit/random_inpaint_B160_N1/jit/rhso/t0=1.000__N=1__heun__opt=160__lr=0.01__adam__terminal=direct__diag=sc__4ceaf8f8,2026-09-14T07:26:19.079125
theory_fixedB_jit,4e2d13a13b80,random_inpaint_B160_N16,random_inpaint_B160_N16,random_inpaint,prob_afb9ac8da51f5e92,ALL,jit,standard_flow,torch,pixel,rhso,RHSO,1.0,1.0,0.0,0.0,1.0,flow_ascending,pure_prior_noise,zero_fill,,heun,,,0.0625,0.0625,0.0625,,,,0.01,adam,,,half_mean_squared_per_measurement,,,,,,,10,16,0.0,not_applicable,not_applicable,method,not_applicable,not_applicable,method,26.5185409469829,0.784855879076097,0.13344678779132665,0.03819254785776138,0.15209718595479232,22.378176333812174,,0.06938011494751609,29.195899612547507,12.306960857995277,0.13723581832729997,1.0437872564792634,12.306960857995277,731.9371125148609,7.319371125148609,16,9550,4775,4000,4000,4000,4775,4000,4000,4000,4000,0,4000,4000,direct,direct_clean_endpoint_prediction,terminal_prediction_inconsistency,True,True,False,,,,False,,800,1600,0,0,67.5855,16,0.08283459765836597,0.0024058341133059,0.008283459765836599,0.00024058341133059003,0.40802195711548545,0.5003105547652883,0.17520130075514317,0.0024524881997785995,0.11843671692897882,0.058918085719496596,0.005683912461230648,0.011678193454363888,,,,,,,,,,0.9437,4.6698,3.7261,torch.cuda.max_memory_allocated,,,,unavailable,4,100,0,7.3716,4.69,42,0,seed=42|model=jit|rep=0,968d817c8f6b9bd7,96e8e7581ea3e227,e2a001f391bba8ad,source_imagenet_class,2.4,ok,,/data/xianda/controllable-image-generation/outputs/theory_fixedB_jit/random_inpaint_B160_N16/jit/rhso/t0=1.000__N=16__heun__opt=10__lr=0.01__adam__terminal=direct__diag=sc__4e2d13a1,2026-09-14T07:39:52.284416
theory_fixedB_jit,45f5d403caf1,random_inpaint_B160_N2,random_inpaint_B160_N2,random_inpaint,prob_afb9ac8da51f5e92,ALL,jit,standard_flow,torch,pixel,rhso,RHSO,1.0,1.0,0.0,0.0,1.0,flow_ascending,pure_prior_noise,zero_fill,,heun,,,0.5,0.5,0.5,,,,0.01,adam,,,half_mean_squared_per_measurement,,,,,,,80,2,0.0,not_applicable,not_applicable,method,not_applicable,not_applicable,method,26.59577806047712,0.7568765406994525,0.2363906356692314,0.05106634646654129,0.12777678223021297,23.891560969124036,,0.09271976702940923,26.677153278579773,12.306960857995277,0.13723581832729997,1.0437872564792634,12.306960857995277,693.9516197452322,6.939516197452321,2,8150,4075,4000,4000,4000,4075,4000,4000,4000,4000,0,4000,4000,direct,direct_clean_endpoint_prediction,terminal_prediction_inconsistency,True,True,False,,,,False,,100,200,0,0,8.5481,2,0.13170197186525912,0.04203637710976182,0.0016462746483157386,0.0005254547138720228,0.7129974994568358,0.9149403080424188,0.17520130075514317,0.004349840337235946,0.23514059920401742,0.10569542577030301,0.002886888557113707,0.04203637710976182,,,,,,,,,,0.9437,4.6698,3.7261,torch.cuda.max_memory_allocated,,,,unavailable,4,100,0,0.9399,4.69,42,0,seed=42|model=jit|rep=0,968d817c8f6b9bd7,96e8e7581ea3e227,e2a001f391bba8ad,source_imagenet_class,2.4,ok,,/data/xianda/controllable-image-generation/outputs/theory_fixedB_jit/random_inpaint_B160_N2/jit/rhso/t0=1.000__N=2__heun__opt=80__lr=0.01__adam__terminal=direct__diag=sc__45f5d403,2026-09-14T07:51:45.258493
theory_fixedB_jit,75e90cfda37c,random_inpaint_B160_N32,random_inpaint_B160_N32,random_inpaint,prob_afb9ac8da51f5e92,ALL,jit,standard_flow,torch,pixel,rhso,RHSO,1.0,1.0,0.0,0.0,1.0,flow_ascending,pure_prior_noise,zero_fill,,heun,,,0.03125,0.03125,0.03125,,,,0.01,adam,,,half_mean_squared_per_measurement,,,,,,,5,32,0.0,not_applicable,not_applicable,method,not_applicable,not_applicable,method,26.332941201665772,0.7780676515875757,0.13812971610575914,0.042305391281843185,0.1552221180145991,22.2015278110108,,0.07699294230656066,28.291581580686106,12.306960857995277,0.13723581832729997,1.0437872564792634,12.306960857995277,795.6196794426069,7.956196794426068,32,11150,5575,4000,4000,4000,5575,4000,4000,4000,4000,0,4000,4000,direct,direct_clean_endpoint_prediction,terminal_prediction_inconsistency,True,True,False,,,,False,,1600,3200,0,0,135.1225,32,0.056984089352190494,0.0013388172867780667,0.011396817870438104,0.00026776345735561336,0.24272241167082098,0.29934998183140615,0.17520130075514317,0.0025944973047808163,0.07552235445748594,0.03464430884679675,0.0030977931383512763,0.0068275581092600455,,,,,,,,,,0.9437,4.6698,3.7261,torch.cuda.max_memory_allocated,,,,unavailable,4,100,0,15.6886,4.69,42,0,seed=42|model=jit|rep=0,968d817c8f6b9bd7,96e8e7581ea3e227,e2a001f391bba8ad,source_imagenet_class,2.4,ok,,/data/xianda/controllable-image-generation/outputs/theory_fixedB_jit/random_inpaint_B160_N32/jit/rhso/t0=1.000__N=32__heun__opt=5__lr=0.01__adam__terminal=direct__diag=sc__75e90cfd,2026-09-14T08:07:46.532569
theory_fixedB_jit,067967675ce6,random_inpaint_B160_N4,random_inpaint_B160_N4,random_inpaint,prob_afb9ac8da51f5e92,ALL,jit,standard_flow,torch,pixel,rhso,RHSO,1.0,1.0,0.0,0.0,1.0,flow_ascending,pure_prior_noise,zero_fill,,heun,,,0.25,0.25,0.25,,,,0.01,adam,,,half_mean_squared_per_measurement,,,,,,,40,4,0.0,not_applicable,not_applicable,method,not_applicable,not_applicable,method,28.129081360845134,0.8410485899530723,0.09253325210884214,0.02199663408100605,0.12417205777071688,24.14012234771867,,0.039322418221083344,34.12779555521549,12.306960857995277,0.13723581832729997,1.0437872564792634,12.306960857995277,690.9084040373564,6.909084040373564,4,8350,4175,4000,4000,4000,4175,4000,4000,4000,4000,0,4000,4000,direct,direct_clean_endpoint_prediction,terminal_prediction_inconsistency,True,True,False,,,,False,,200,400,0,0,16.6792,4,0.12034057823009789,0.004903426263335859,0.0030085144557524474,0.00012258565658339646,0.6440884864725767,0.8598828565218269,0.17520130075514317,0.0008105223569145892,0.20260379384459595,0.09144758129170769,0.004799057165704047,0.022815790555080942,,,,,,,,,,0.9437,4.6698,3.7261,torch.cuda.max_memory_allocated,,,,unavailable,4,100,0,1.848,4.69,42,0,seed=42|model=jit|rep=0,968d817c8f6b9bd7,96e8e7581ea3e227,e2a001f391bba8ad,source_imagenet_class,2.4,ok,,/data/xianda/controllable-image-generation/outputs/theory_fixedB_jit/random_inpaint_B160_N4/jit/rhso/t0=1.000__N=4__heun__opt=40__lr=0.01__adam__terminal=direct__diag=sc__06796767,2026-09-14T08:19:50.797717
theory_fixedB_jit,28f91234792f,random_inpaint_B160_N8,random_inpaint_B160_N8,random_inpaint,prob_afb9ac8da51f5e92,ALL,jit,standard_flow,torch,pixel,rhso,RHSO,1.0,1.0,0.0,0.0,1.0,flow_ascending,pure_prior_noise,zero_fill,,heun,,,0.125,0.125,0.125,,,,0.01,adam,,,half_mean_squared_per_measurement,,,,,,,20,8,0.0,not_applicable,not_applicable,method,not_applicable,not_applicable,method,27.26701173165753,0.8172473599212446,0.10067109365016222,0.03079274110496044,0.14179293916536473,22.987507815079,,0.055748792877158726,31.09589055150871,12.306960857995277,0.13723581832729997,1.0437872564792634,12.306960857995277,695.6289620036259,6.95628962003626,8,8750,4375,4000,4000,4000,4375,4000,4000,4000,4000,0,4000,4000,direct,direct_clean_endpoint_prediction,terminal_prediction_inconsistency,True,True,False,,,,False,,400,800,0,0,33.3742,8,0.10340669436380268,0.0030494553477183215,0.005170334718190134,0.0001524727673859161,0.5431322774679733,0.7196848065263767,0.17520130075514317,0.0016030105863319476,0.16105941376596575,0.07707867881570415,0.006729963109080148,0.01675733393836708,,,,,,,,,,0.9437,4.6698,3.7261,torch.cuda.max_memory_allocated,,,,unavailable,4,100,0,3.6559,4.69,42,0,seed=42|model=jit|rep=0,968d817c8f6b9bd7,96e8e7581ea3e227,e2a001f391bba8ad,source_imagenet_class,2.4,ok,,/data/xianda/controllable-image-generation/outputs/theory_fixedB_jit/random_inpaint_B160_N8/jit/rhso/t0=1.000__N=8__heun__opt=20__lr=0.01__adam__terminal=direct__diag=sc__28f91234,2026-09-14T08:32:19.154625
theory_fixedB_jit,2287e6034ca4,super_resolution_B160_N1,super_resolution_B160_N1,super_resolution,prob_0f6cb8346c07d449,ALL,jit,standard_flow,torch,pixel,rhso,RHSO,1.0,1.0,0.0,0.0,1.0,flow_ascending,pure_prior_noise,upsample_bicubic,,heun,,,1.0,1.0,1.0,,,,0.01,adam,,,half_mean_squared_per_measurement,,,,,,,160,1,0.2,not_applicable,not_applicable,method,not_applicable,not_applicable,method,18.37209366438119,0.38267889398630167,0.708274531364441,0.26756447553634644,,,,,,22.81140821031315,0.6491109989943641,0.22618355706334115,24.23961975846858,681.3902989244089,6.813902989244088,1,8050,4025,4000,4000,4000,4025,4000,4000,4000,4000,0,4000,4000,direct,direct_clean_endpoint_prediction,terminal_prediction_inconsistency,True,True,False,,,,False,,50,100,0,0,4.1698,1,0.14051051839720458,0.14051051839720458,0.0008781907399825285,0.0008781907399825285,0.7613908314153174,0.7613908314153174,0.17630605962127446,0.035795541224069895,,,,,,,,,,,,,,0.9402,4.6728,3.7327,torch.cuda.max_memory_allocated,,,,unavailable,4,100,0,0.4634,4.69,42,0,seed=42|model=jit|rep=0,0c0f6f6fcd88544e,9b95120b320d21a3,e2a001f391bba8ad,source_imagenet_class,2.4,ok,,/data/xianda/controllable-image-generation/outputs/theory_fixedB_jit/super_resolution_B160_N1/jit/rhso/t0=1.000__N=1__heun__opt=160__lr=0.01__adam__mu=0.2__terminal=direct__diag=sc__2287e603,2026-09-14T08:43:53.632501
theory_fixedB_jit,eeeb12aae9ba,super_resolution_B160_N16,super_resolution_B160_N16,super_resolution,prob_0f6cb8346c07d449,ALL,jit,standard_flow,torch,pixel,rhso,RHSO,1.0,1.0,0.0,0.0,1.0,flow_ascending,pure_prior_noise,upsample_bicubic,,heun,,,0.0625,0.0625,0.0625,,,,0.01,adam,,,half_mean_squared_per_measurement,,,,,,,10,16,0.2,not_applicable,not_applicable,method,not_applicable,not_applicable,method,25.792854251882254,0.7390853543077366,0.19340812239795924,0.07475566864013672,,,,,,22.81140821031315,0.6491109989943641,0.22618355706334115,24.23961975846858,729.2548934295774,7.292548934295773,16,9550,4775,4000,4000,4000,4775,4000,4000,4000,4000,0,4000,4000,direct,direct_clean_endpoint_prediction,terminal_prediction_inconsistency,True,True,False,,,,False,,800,1600,0,0,66.2006,16,0.08301834627985955,0.00287855111353565,0.008301834627985954,0.00028785511135356504,0.4044077384056767,0.2869575937190271,0.17630605962127446,0.002815802386030555,0.11783656979740026,0.05850259530664755,0.005759023198392242,0.0117904839287512,,,,,,,,,,0.9402,4.6728,3.7327,torch.cuda.max_memory_allocated,,,,unavailable,4,100,0,7.4578,4.69,42,0,seed=42|model=jit|rep=0,0c0f6f6fcd88544e,9b95120b320d21a3,e2a001f391bba8ad,source_imagenet_class,2.4,ok,,/data/xianda/controllable-image-generation/outputs/theory_fixedB_jit/super_resolution_B160_N16/jit/rhso/t0=1.000__N=16__heun__opt=10__lr=0.01__adam__mu=0.2__terminal=direct__diag=sc__eeeb12aa,2026-09-14T08:57:22.607138
theory_fixedB_jit,09a0a2b7247f,super_resolution_B160_N2,super_resolution_B160_N2,super_resolution,prob_0f6cb8346c07d449,ALL,jit,standard_flow,torch,pixel,rhso,RHSO,1.0,1.0,0.0,0.0,1.0,flow_ascending,pure_prior_noise,upsample_bicubic,,heun,,,0.5,0.5,0.5,,,,0.01,adam,,,half_mean_squared_per_measurement,,,,,,,80,2,0.2,not_applicable,not_applicable,method,not_applicable,not_applicable,method,26.33639613189535,0.7461200159028835,0.23512646801769732,0.10634150356054306,,,,,,22.81140821031315,0.6491109989943641,0.22618355706334115,24.23961975846858,684.415713455528,6.84415713455528,2,8150,4075,4000,4000,4000,4075,4000,4000,4000,4000,0,4000,4000,direct,direct_clean_endpoint_prediction,terminal_prediction_inconsistency,True,True,False,,,,False,,100,200,0,0,8.2461,2,0.13166570416651666,0.04165157482377253,0.0016458213020814584,0.0005206446852971566,0.7064773121904773,0.8788160040904242,0.17630605962127446,0.005658800589153543,0.23315171170792248,0.1047376008521789,0.0026700199581682683,0.04165157482377253,,,,,,,,,,0.9402,4.67,3.7299,torch.cuda.max_memory_allocated,,,,unavailable,4,100,0,0.9103,4.69,42,0,seed=42|model=jit|rep=0,0c0f6f6fcd88544e,9b95120b320d21a3,e2a001f391bba8ad,source_imagenet_class,2.4,ok,,/data/xianda/controllable-image-generation/outputs/theory_fixedB_jit/super_resolution_B160_N2/jit/rhso/t0=1.000__N=2__heun__opt=80__lr=0.01__adam__mu=0.2__terminal=direct__diag=sc__09a0a2b7,2026-09-14T09:09:01.302720
theory_fixedB_jit,637ed168905c,super_resolution_B160_N32,super_resolution_B160_N32,super_resolution,prob_0f6cb8346c07d449,ALL,jit,standard_flow,torch,pixel,rhso,RHSO,1.0,1.0,0.0,0.0,1.0,flow_ascending,pure_prior_noise,upsample_bicubic,,heun,,,0.03125,0.03125,0.03125,,,,0.01,adam,,,half_mean_squared_per_measurement,,,,,,,5,32,0.2,not_applicable,not_applicable,method,not_applicable,not_applicable,method,25.508574647762586,0.7212127867876373,0.21739460162818433,0.08594191074371338,,,,,,22.81140821031315,0.6491109989943641,0.22618355706334115,24.23961975846858,752.5859339293092,7.525859339293093,32,11150,5575,4000,4000,4000,5575,4000,4000,4000,4000,0,4000,4000,direct,direct_clean_endpoint_prediction,terminal_prediction_inconsistency,True,True,False,,,,False,,1600,3200,0,0,127.0327,32,0.05696619004011154,0.0016387641400797293,0.01139323800802231,0.0003277528280159458,0.23534323438089205,0.1297503942983511,0.17630605962127446,0.003255566923180595,0.07545295849410885,0.034507185360068575,0.0030341841556289564,0.006778839080079999,,,,,,,,,,0.9402,4.6728,3.7327,torch.cuda.max_memory_allocated,,,,unavailable,4,100,0,14.3339,4.69,42,0,seed=42|model=jit|rep=0,0c0f6f6fcd88544e,9b95120b320d21a3,e2a001f391bba8ad,source_imagenet_class,2.4,ok,,/data/xianda/controllable-image-generation/outputs/theory_fixedB_jit/super_resolution_B160_N32/jit/rhso/t0=1.000__N=32__heun__opt=5__lr=0.01__adam__mu=0.2__terminal=direct__diag=sc__637ed168,2026-09-14T09:24:00.345823
theory_fixedB_jit,1f27f0dfab63,super_resolution_B160_N4,super_resolution_B160_N4,super_resolution,prob_0f6cb8346c07d449,ALL,jit,standard_flow,torch,pixel,rhso,RHSO,1.0,1.0,0.0,0.0,1.0,flow_ascending,pure_prior_noise,upsample_bicubic,,heun,,,0.25,0.25,0.25,,,,0.01,adam,,,half_mean_squared_per_measurement,,,,,,,40,4,0.2,not_applicable,not_applicable,method,not_applicable,not_applicable,method,27.383613624558187,0.8227460380099865,0.10473253700882196,0.05746244266629219,,,,,,22.81140821031315,0.6491109989943641,0.22618355706334115,24.23961975846858,654.096381707117,6.5409638170711695,4,8350,4175,4000,4000,4000,4175,4000,4000,4000,4000,0,4000,4000,direct,direct_clean_endpoint_prediction,terminal_prediction_inconsistency,True,True,False,,,,False,,200,400,0,0,15.8315,4,0.12041240809485317,0.005218209471786394,0.003010310202371329,0.00013045523679465986,0.6381611520274741,0.6906382098267007,0.17630605962127446,0.0016552166861947626,0.20128472773215553,0.09065737132322743,0.004678151021168257,0.02275762930124377,,,,,,,,,,0.9402,4.6728,3.7327,torch.cuda.max_memory_allocated,,,,unavailable,4,100,0,1.7686,4.69,42,0,seed=42|model=jit|rep=0,0c0f6f6fcd88544e,9b95120b320d21a3,e2a001f391bba8ad,source_imagenet_class,2.4,ok,,/data/xianda/controllable-image-generation/outputs/theory_fixedB_jit/super_resolution_B160_N4/jit/rhso/t0=1.000__N=4__heun__opt=40__lr=0.01__adam__mu=0.2__terminal=direct__diag=sc__1f27f0df,2026-09-14T09:35:17.080233
theory_fixedB_jit,a6e319cd8814,super_resolution_B160_N8,super_resolution_B160_N8,super_resolution,prob_0f6cb8346c07d449,ALL,jit,standard_flow,torch,pixel,rhso,RHSO,1.0,1.0,0.0,0.0,1.0,flow_ascending,pure_prior_noise,upsample_bicubic,,heun,,,0.125,0.125,0.125,,,,0.01,adam,,,half_mean_squared_per_measurement,,,,,,,20,8,0.2,not_applicable,not_applicable,method,not_applicable,not_applicable,method,26.342195954836374,0.7755940052897193,0.15260313030332326,0.06484458595514297,,,,,,22.81140821031315,0.6491109989943641,0.22618355706334115,24.23961975846858,667.0399642121047,6.670399642121047,8,8750,4375,4000,4000,4000,4375,4000,4000,4000,4000,0,4000,4000,direct,direct_clean_endpoint_prediction,terminal_prediction_inconsistency,True,True,False,,,,False,,400,800,0,0,31.3676,8,0.10402862247079611,0.0037339769274694844,0.0052014311235398045,0.00018669884637347422,0.5388684505331216,0.46479342861559475,0.17630605962127446,0.0021236237877747042,0.16326068893993242,0.07837497722658125,0.006850917581302513,0.016872890918831606,,,,,,,,,,0.9402,4.6728,3.7327,torch.cuda.max_memory_allocated,,,,unavailable,4,100,0,3.6849,4.69,42,0,seed=42|model=jit|rep=0,0c0f6f6fcd88544e,9b95120b320d21a3,e2a001f391bba8ad,source_imagenet_class,2.4,ok,,/data/xianda/controllable-image-generation/outputs/theory_fixedB_jit/super_resolution_B160_N8/jit/rhso/t0=1.000__N=8__heun__opt=20__lr=0.01__adam__mu=0.2__terminal=direct__diag=sc__a6e319cd,2026-09-14T09:47:04.273644
